{
  "by_extension": {
    ".csv": 2433881,
    ".dat": 61968384,
    ".json": 533633,
    ".log": 379227,
    ".md": 1373598,
    ".npy": 14781056,
    ".npz": 2252951,
    ".obj": 7940,
    ".py": 1564485,
    ".vtr": 64111974,
    "<none>": 1
  },
  "file_count": 1944,
  "large_file_count": 0,
  "private_absolute_path_count": 0,
  "raw_candidate_large_file_count": 0,
  "scan_data_file_count": 0,
  "step31_file_count": 63,
  "step31_particle_npy_count": 0,
  "step31_total_size_bytes": 1565355,
  "step31_total_size_mb": 1.4928388595581055,
  "step31_vtr_count": 0,
  "total_size_bytes": 149407130,
  "total_size_mb": 142.48574256896973
}
