{
  "centerline_profile_x": {
    "axis": "x",
    "source": [
      "centerline",
      "centerline",
      "centerline",
      "centerline",
      "centerline",
      "centerline",
      "centerline",
      "centerline",
      "centerline",
      "centerline",
      "centerline",
      "centerline",
      "centerline",
      "centerline",
      "centerline",
      "centerline",
      "centerline",
      "centerline",
      "centerline",
      "centerline",
      "centerline",
      "centerline",
      "centerline",
      "centerline",
      "centerline",
      "centerline",
      "centerline",
      "centerline",
      "centerline",
      "centerline",
      "centerline",
      "centerline",
      "centerline",
      "centerline",
      "centerline",
      "centerline",
      "centerline",
      "centerline",
      "centerline",
      "centerline",
      "centerline",
      "centerline",
      "centerline",
      "centerline",
      "centerline",
      "centerline",
      "centerline",
      "centerline"
    ],
    "ux": [
      0.019963163882493973,
      0.019465859979391098,
      0.019010482355952263,
      0.01860623247921467,
      0.01826193742454052,
      0.01798667386174202,
      0.0177792776376009,
      0.017619287595152855,
      0.01747114025056362,
      0.01730663888156414,
      0.017122488468885422,
      0.016943298280239105,
      0.01679576374590397,
      0.01668822579085827,
      0.016602778807282448,
      0.016518540680408478,
      0.01642671599984169,
      0.016335906460881233,
      0.01625589281320572,
      0.016190947964787483,
      0.01613914594054222,
      0.01609952189028263,
      0.01607147417962551,
      0.016054559499025345,
      0.016046296805143356,
      0.016044899821281433,
      0.016051247715950012,
      0.016069870442152023,
      0.016107022762298584,
      0.01616675779223442,
      0.016248755156993866,
      0.016349567100405693,
      0.016466109082102776,
      0.016598321497440338,
      0.01674898900091648,
      0.016920950263738632,
      0.017114872112870216,
      0.017328063026070595,
      0.017556706443428993,
      0.01779814064502716,
      0.018052462488412857,
      0.0183212012052536,
      0.0186040997505188,
      0.01889641396701336,
      0.01918766461312771,
      0.019463203847408295,
      0.019708534702658653,
      0.019913891330361366
    ],
    "y_index": 24,
    "z_index": 24
  },
  "final_flux_imbalance_rel": 0.12714384995478717,
  "final_outlet_reflection_proxy": {
    "fluid_cell_count": 2116,
    "negative_ux_fraction": 0.005671077504725898,
    "proxy_name": "outlet_near_plane_ux_density_variation",
    "rho_peak_to_peak": 0.0002294778823852539,
    "rho_std": 4.323422082523367e-05,
    "ux_std": 0.0057078733718137304,
    "x_index": 46
  },
  "geometry_mode": "duct_only",
  "name": "duct_only_48_regularized_plane_flux_controlled_gain0p75_cap0p0075_rho0p0010_mnmid_mgain0p25_mcap0p0005_blend1p00_out5_250step_mass_neutral_design"
}
