step,inlet_flux,outlet_flux,flux_imbalance_abs,flux_imbalance_rel
0,0.0,0.0,0.0,0.0
5,0.3942313736179406,-3.576278757577694e-07,0.39423173124581634,1.0000009071522453
