step,total_mpm_substeps,coupling_mode,rho_min,rho_max,lbm_max_v,fluid_mean_ux,projection_zone_fluid_mean_ux,far_field_fluid_mean_ux,solid_mean_vx_norm,mpm_min_J,mpm_max_speed,projected_mass,active_cell_count,cell_force_max_norm,hydro_force_max_norm,bb_link_count,bb_max_correction,active_reaction_particle_count,max_grid_reaction_norm,elapsed_seconds
0,0,moving_boundary,1.0,1.0,0.0,0.0,0.0,0.0,1.0416576862335205,1.0,1.0416666269302368,0.0,0,0.0,0.0,0,0.0,0,0.0,2.173526500002481
1,1,moving_boundary,0.9833024144172668,1.0166670083999634,0.017284801229834557,5.9696408243326005e-06,0.00457063177600503,0.0,1.0028634071350098,0.9974456429481506,1.0354127883911133,0.0003417044354137033,196,0.0,0.23907236754894257,306,0.0066666677594184875,1024,4.063451706315391e-05,15.064586399996188
2,2,moving_boundary,0.9765334725379944,1.024727463722229,0.0067167519591748714,3.6798564906348474e-06,0.0014792110305279493,1.07541200122796e-06,1.0232266187667847,0.9918107390403748,1.0608221292495728,0.00034170434810221195,196,0.0,0.2344300001859665,306,0.006584483198821545,1024,4.096740303793922e-05,15.17039929999737
3,3,moving_boundary,0.9778738617897034,1.025220274925232,0.023310335353016853,1.0325177754566539e-05,0.00582271721214056,2.2195736164576374e-06,0.9831327795982361,0.9843265414237976,1.0806994438171387,0.00034170428989455104,196,0.0,0.24920246005058289,294,0.0066902292892336845,1024,4.126759085920639e-05,15.277013799990527
4,4,moving_boundary,0.9818108081817627,1.02276611328125,0.015358601696789265,7.728645869065076e-06,0.001321010640822351,4.4838479880127124e-06,1.0075377225875854,0.973202109336853,1.1341649293899536,0.00034170440630987287,196,0.0,0.4171868562698364,314,0.0064561329782009125,1024,4.152241672272794e-05,15.745767300002626
5,5,moving_boundary,0.9822361469268799,1.0227093696594238,0.021618356928229332,1.167858954431722e-05,0.003172690514475107,6.26937026027008e-06,1.0208863019943237,0.9592711925506592,1.187392234802246,0.00034170434810221195,196,0.0,0.41179510951042175,314,0.006532053463160992,1024,4.17392366216518e-05,15.8350977999944
