{
  "centerline_profile_x": {
    "axis": "x",
    "source": [
      "centerline",
      "centerline",
      "centerline",
      "centerline",
      "centerline",
      "centerline",
      "centerline",
      "centerline",
      "centerline",
      "centerline",
      "centerline",
      "centerline",
      "centerline",
      "centerline",
      "centerline",
      "centerline",
      "centerline",
      "centerline",
      "centerline",
      "centerline",
      "centerline",
      "centerline",
      "centerline",
      "centerline",
      "centerline",
      "centerline",
      "centerline",
      "centerline",
      "centerline",
      "centerline",
      "centerline",
      "centerline",
      "centerline",
      "centerline",
      "centerline",
      "centerline",
      "centerline",
      "centerline",
      "centerline",
      "centerline",
      "centerline",
      "centerline",
      "centerline",
      "centerline",
      "centerline",
      "centerline",
      "centerline",
      "centerline"
    ],
    "ux": [
      0.0199673380702734,
      0.01929924450814724,
      0.018677348271012306,
      0.01812165044248104,
      0.017646439373493195,
      0.017259666696190834,
      0.01695416308939457,
      0.016702204942703247,
      0.016465554013848305,
      0.01621898077428341,
      0.015964670106768608,
      0.015729209408164024,
      0.015534775331616402,
      0.015382019802927971,
      0.015248230658471584,
      0.015112560242414474,
      0.014968822710216045,
      0.01482708565890789,
      0.014696570113301277,
      0.014581008814275265,
      0.0144788958132267,
      0.01439012959599495,
      0.014314942993223667,
      0.014252628199756145,
      0.0142004219815135,
      0.014156312681734562,
      0.014121273532509804,
      0.014100918546319008,
      0.014101909473538399,
      0.014128186739981174,
      0.014179175719618797,
      0.01425127312541008,
      0.014342081733047962,
      0.0144523736089468,
      0.01458565704524517,
      0.014745212160050869,
      0.014931482262909412,
      0.015142267569899559,
      0.0153749855235219,
      0.015629293397068977,
      0.015907440334558487,
      0.016212068498134613,
      0.016542814671993256,
      0.01689387485384941,
      0.017252949997782707,
      0.017604004591703415,
      0.01793121173977852,
      0.018224284052848816
    ],
    "y_index": 24,
    "z_index": 24
  },
  "final_flux_imbalance_rel": 0.21095864702906178,
  "final_outlet_reflection_proxy": {
    "fluid_cell_count": 2116,
    "negative_ux_fraction": 0.005671077504725898,
    "proxy_name": "outlet_near_plane_ux_density_variation",
    "rho_peak_to_peak": 0.0002576112747192383,
    "rho_std": 4.897967233653923e-05,
    "ux_std": 0.00531868722780996,
    "x_index": 46
  },
  "geometry_mode": "duct_only",
  "name": "duct_only_48_regularized_plane_flux_controlled_gain1p00_cap0p0075_rho0p001_alpha0p02_du0p0005_slew0p50_offset2_guard_on_min0p70_ramp85_target0p85_out5_250step_high_authority"
}
