{
  "candidate_mass_acceptance_abs_max": 0.005,
  "candidate_mass_acceptance_gate_pass": false,
  "candidate_mass_acceptance_observed_abs": 0.024996403139084578,
  "checkpoint_available": false,
  "code_commit_at_run": "e194b896ea2153da3dc906272fd4cfd84124dec4",
  "config_hash": "9a69144658d7bd8f4cd5e2600f2837058fcd2c547f8f8aeb48a92afe50878f32",
  "density_gate_pass": true,
  "executed_nx": 8,
  "final_diagnostics": {
    "all_finite": true,
    "centerline_ux_profile": {
      "axis": "x",
      "source": [
        "centerline",
        "centerline",
        "centerline",
        "centerline",
        "centerline",
        "centerline",
        "centerline",
        "centerline"
      ],
      "ux": [
        0.02137814275920391,
        0.02735554613173008,
        0.029083527624607086,
        0.029785940423607826,
        0.032502081245183945,
        0.03964846208691597,
        0.04976198822259903,
        0.055980272591114044
      ],
      "y_index": 3,
      "z_index": 3
    },
    "controller_authority_ratio": 0.1417101826518774,
    "controller_delta_cap_u": 0.0005,
    "controller_density_feedback": 2.6584630177239887e-06,
    "controller_density_feedback_abs": 2.6584630177239887e-06,
    "controller_drop_guard_activation_count_run": 1,
    "controller_drop_guard_activation_fraction_run": 0.05,
    "controller_drop_guard_active_step": 0,
    "controller_drop_guard_reference_flux": 0.436542809009552,
    "controller_filtered_flux_error": 0.04253540560603142,
    "controller_measure_plane_offset": 2,
    "controller_measured_outlet_flux": 0.436542809009552,
    "controller_raw_flux_error": -0.1078331470489502,
    "controller_saturation_count_run": 0,
    "controller_saturation_count_step": 0,
    "controller_saturation_fraction_run": 0.0,
    "controller_slew_alpha": 0.5,
    "controller_target_outlet_flux": 0.3287096619606018,
    "controller_true_outlet_flux_for_guard": 0.6933372020721436,
    "controller_u_feedback": 0.000708550913259387,
    "controller_u_feedback_abs": 0.000708550913259387,
    "correction_delta_abs_sum": 0.05689678713679314,
    "correction_delta_abs_sum_run": 0.916115939617157,
    "correction_gain_effective": 0.25,
    "flow_correction_cap_u": 0.005,
    "fluid_cell_count": 128,
    "flux_balance_reported": true,
    "flux_imbalance_abs": 0.37412311417339317,
    "flux_imbalance_rel": 0.5322203822413675,
    "inlet_flux": 0.32882462450175676,
    "inlet_mean_ux": 0.019671848975121975,
    "lbm_open_boundary_semantics": "regularized_plane_flux_controlled_pressure_outlet",
    "mach_proxy_observed": 0.09696094740826479,
    "mass_total": 131.19953960180283,
    "mass_total_delta_from_initial": 3.199539601802826,
    "mass_total_delta_rel": 0.024996403139084578,
    "max_v": 0.055980429087042816,
    "midplane_flux": 0.37972847533699894,
    "midplane_mean_ux": 0.023116732423659414,
    "near_outlet_flux_xminus1": 0.6123633392349215,
    "near_outlet_flux_xminus2": 0.4744196981367734,
    "near_outlet_flux_xminus3": 0.37972847533699894,
    "near_outlet_to_outlet_flux_ratio": 0.8711363669638466,
    "open_boundary_flux_control_measure_plane_offset": 2,
    "open_boundary_inlet_ramp_factor": 1.0,
    "open_boundary_inlet_ramp_profile": "linear",
    "open_boundary_inlet_ramp_steps": 0,
    "open_boundary_outlet_flux_drop_guard_enabled": true,
    "open_boundary_outlet_flux_drop_guard_min_ratio": 0.7,
    "outlet_flux": 0.7029477386751499,
    "outlet_flux_after_correction": 0.7029477386751499,
    "outlet_flux_error": -0.37412311417339317,
    "outlet_flux_error_filtered": 0.04253540560603142,
    "outlet_flux_raw_before_correction": 0.7029477386751499,
    "outlet_mean_ux": 0.04409372457303107,
    "outlet_plane_negative_ux_fraction": 0.0,
    "outlet_plane_rho_mean": 0.996253851801157,
    "outlet_plane_rho_std": 0.0007935495392298683,
    "outlet_plane_ux_max": 0.05598030239343643,
    "outlet_plane_ux_mean": 0.04409372457303107,
    "outlet_plane_ux_min": 0.033425915986299515,
    "outlet_reflection_proxy": {
      "fluid_cell_count": 16,
      "negative_ux_fraction": 0.0,
      "proxy_name": "outlet_near_plane_ux_density_variation",
      "rho_peak_to_peak": 0.002478957176208496,
      "rho_std": 0.0008911407611700824,
      "ux_std": 0.00777333619328718,
      "x_index": 6
    },
    "rho_max": 1.0449706315994263,
    "rho_mean": 1.0249964031390846,
    "rho_min": 0.9949164986610413,
    "rho_std": 0.01804075870370011,
    "row_role": "tiny_smoke",
    "sampled_x_profile_flux": "0:0.328824624502;2:0.330500911976;4:0.379728475337;5:0.474419698137;6:0.612363339235;7:0.702947738675",
    "selected96_claim_allowed": false,
    "step": 20,
    "step132_authority_sweep_candidate": false,
    "step133_mass_damped_candidate": false,
    "step134_outlet_stationarity_candidate": false,
    "step135_interior_reflection_candidate": false,
    "target_outlet_flux": 0.32882462450175676,
    "validation_claim_allowed": false,
    "x_profile_flux_samples": "{\"0\":0.32882462450175676,\"2\":0.3305009119764545,\"4\":0.37972847533699894,\"5\":0.4744196981367734,\"6\":0.6123633392349215,\"7\":0.7029477386751499}",
    "x_profile_rho_mean_samples": "{\"0\":1.0447285026311874,\"2\":1.0400793999433517,\"4\":1.0268781334161758,\"5\":1.0133950412273407,\"6\":1.0005792006850243,\"7\":0.996253851801157}",
    "x_profile_ux_mean_samples": "{\"0\":0.019671848975121975,\"2\":0.019856656610500067,\"4\":0.023116732423659414,\"5\":0.029259163769893348,\"6\":0.03824385197367519,\"7\":0.04409372457303107}"
  },
  "finite_pass": true,
  "first_failure_detector": {
    "all_records_finite": true,
    "first_failure_reason": null,
    "first_failure_step": null,
    "first_high_density_step": null,
    "first_mass_drift_step": null,
    "first_max_v_step": null,
    "first_negative_density_step": null,
    "first_nonfinite_step": null,
    "record_count": 5
  },
  "first_failure_reason": null,
  "first_failure_step": null,
  "flow_correction_delta_abs_sum": 0.916115939617157,
  "flow_development_gate_pass": false,
  "flow_outlet_flux_error_filtered": 0.04253540560603142,
  "flux_balance_reported": true,
  "flux_imbalance_rel_final": 0.5322203822413675,
  "flux_imbalance_rel_tail_max": 0.5322203822413675,
  "flux_imbalance_rel_tail_mean": 0.5322203822413675,
  "geometry_mode": "duct_only",
  "hard_stop_failure_reason": null,
  "hard_stop_failure_step": null,
  "hard_stop_mass_drift_abs_max": 0.05,
  "hard_stop_mass_drift_gate_pass": true,
  "hard_stop_mass_drift_observed_abs": 0.03421953320503235,
  "inlet_flux_tail_mean": 0.32882462450175676,
  "inlet_u_lbm": 0.02,
  "lbm_niu": 0.1,
  "lbm_open_boundary_semantics": "regularized_plane_flux_controlled_pressure_outlet",
  "lbm_relaxation_semantics": "legacy_external_solver_relaxation_parameter",
  "lbm_viscosity_semantics": "legacy_external",
  "limiter_activation_count": 0,
  "limiter_activation_denominator": 0,
  "limiter_activation_fraction": 0.0,
  "limiter_activation_gate_pass": true,
  "limiter_activation_summary": {
    "controller_drop_guard_activation_count_run": 1,
    "controller_drop_guard_activation_fraction_run": 0.05,
    "controller_drop_guard_active_step": 0,
    "controller_drop_guard_min_ratio": 0.7,
    "controller_drop_guard_reference_flux": 0.436542809009552,
    "controller_measure_plane_offset": 2,
    "controller_true_outlet_flux_for_guard": 0.6933372020721436,
    "flow_correction_delta_abs_sum": 0.916115939617157,
    "flow_correction_delta_abs_sum_step": 0.05689678713679314,
    "flow_correction_gain_effective": 0.25,
    "flow_outlet_flux_error_filtered": 0.04253540560603142,
    "limiter_activation_count": 0,
    "limiter_activation_denominator": 0,
    "limiter_activation_fraction": 0.0,
    "limiter_activation_fraction_limit": 0.05,
    "limiter_counter_source": "actual_open_boundary_kernel_counters",
    "mass_balance_correction_abs_sum": 0.916115939617157,
    "mass_balance_correction_abs_sum_step": 0.05689678713679314,
    "mass_balance_correction_count": 1600,