{
  "centerline_profile_x": {
    "axis": "x",
    "source": [
      "centerline",
      "centerline",
      "centerline",
      "centerline",
      "centerline",
      "centerline",
      "centerline",
      "centerline"
    ],
    "ux": [
      0.02137814275920391,
      0.02735554613173008,
      0.029083527624607086,
      0.029785940423607826,
      0.032502081245183945,
      0.03964846208691597,
      0.04976198822259903,
      0.055980272591114044
    ],
    "y_index": 3,
    "z_index": 3
  },
  "final_flux_imbalance_rel": 0.5322203822413675,
  "final_outlet_reflection_proxy": {
    "fluid_cell_count": 16,
    "negative_ux_fraction": 0.0,
    "proxy_name": "outlet_near_plane_ux_density_variation",
    "rho_peak_to_peak": 0.002478957176208496,
    "rho_std": 0.0008911407611700824,
    "ux_std": 0.00777333619328718,
    "x_index": 6
  },
  "geometry_mode": "duct_only",
  "name": "tiny_step135_interior_reflection_smoke"
}
