step,total_mpm_substeps,coupling_mode,rho_min,rho_max,lbm_max_v,fluid_mean_ux,projection_zone_fluid_mean_ux,far_field_fluid_mean_ux,solid_mean_vx_norm,mpm_min_J,mpm_max_speed,projected_mass,active_cell_count,cell_force_max_norm,hydro_force_max_norm,bb_link_count,bb_max_correction,active_reaction_particle_count,max_grid_reaction_norm,elapsed_seconds
0,0,moving_boundary,1.0,1.0,0.0,0.0,0.0,0.0,0.026045124977827072,1.0,0.02604166604578495,0.0,0,0.0,0.0,0,0.0,0,0.0,3.462648299988359
5,50,moving_boundary,0.9835842251777649,1.0066496133804321,0.009175894781947136,7.895776798250154e-05,0.0004244075098540634,2.5463090423727408e-05,0.029566124081611633,0.9907679557800293,0.04838402569293976,0.026999982073903084,4913,0.0,0.4112323224544525,6148,0.0028308620676398277,8622,4.10419806939899e-06,49.9177213999792
