step,total_mpm_substeps,coupling_mode,rho_min,rho_max,lbm_max_v,fluid_mean_ux,projection_zone_fluid_mean_ux,far_field_fluid_mean_ux,solid_mean_vx_norm,mpm_min_J,mpm_max_speed,projected_mass,active_cell_count,cell_force_max_norm,hydro_force_max_norm,bb_link_count,bb_max_correction,active_reaction_particle_count,max_grid_reaction_norm,elapsed_seconds
0,0,moving_boundary,1.0,1.0,0.0,0.0,0.0,0.0,0.031248362734913826,1.0,0.03125,0.0,0,0.0,0.0,0,0.0,0,0.0,1.9499030000297353
5,25,moving_boundary,0.9919881224632263,1.0073328018188477,0.006088905036449432,0.00016929532284848392,0.0003989069373346865,3.642480805865489e-05,0.03125855326652527,0.9996494650840759,0.033784739673137665,0.09944114834070206,14141,0.0,0.4185248613357544,37204,0.001068307552486658,4096,4.205582627037074e-06,11.900129800022114
