{
  "centerline_profile_x": {
    "axis": "x",
    "source": [
      "centerline",
      "centerline",
      "centerline",
      "centerline",
      "centerline",
      "centerline",
      "centerline",
      "centerline",
      "centerline",
      "centerline",
      "centerline",
      "centerline",
      "centerline",
      "centerline",
      "centerline",
      "centerline",
      "centerline",
      "centerline",
      "centerline",
      "centerline",
      "centerline",
      "centerline",
      "centerline",
      "centerline",
      "centerline",
      "centerline",
      "centerline",
      "centerline",
      "centerline",
      "centerline",
      "centerline",
      "centerline",
      "centerline",
      "centerline",
      "centerline",
      "centerline",
      "centerline",
      "centerline",
      "centerline",
      "centerline",
      "centerline",
      "centerline",
      "centerline",
      "centerline",
      "centerline",
      "centerline",
      "centerline",
      "centerline"
    ],
    "ux": [
      0.019954727962613106,
      0.022841937839984894,
      0.025635462254285812,
      0.028206579387187958,
      0.030454562976956367,
      0.03232339397072792,
      0.033806562423706055,
      0.03493877500295639,
      0.035777878016233444,
      0.03638547286391258,
      0.0368177555501461,
      0.037130579352378845,
      0.037389177829027176,
      0.03766616806387901,
      0.03802263364195824,
      0.03848545625805855,
      0.03903577849268913,
      0.0396200530230999,
      0.040169935673475266,
      0.04063211381435394,
      0.040975168347358704,
      0.041202086955308914,
      0.04132241755723953,
      0.041361384093761444,
      0.04132503271102905,
      0.0412454791367054,
      0.041141118854284286,
      0.041078705340623856,
      0.04107803851366043,
      0.041183020919561386,
      0.04134085774421692,
      0.04154444485902786,
      0.04171216860413551,
      0.041871458292007446,
      0.04198097065091133,
      0.04210513085126877,
      0.042195744812488556,
      0.042293861508369446,
      0.04233219102025032,
      0.04235733300447464,
      0.042333412915468216,
      0.042328815907239914,
      0.04231955111026764,
      0.04234994202852249,
      0.04237768054008484,
      0.04242119938135147,
      0.042444031685590744,
      0.04246455803513527
    ],
    "y_index": 24,
    "z_index": 24
  },
  "final_flux_imbalance_rel": 0.45028733921896075,
  "final_outlet_reflection_proxy": {
    "fluid_cell_count": 2116,
    "negative_ux_fraction": 0.0,
    "proxy_name": "outlet_near_plane_ux_density_variation",
    "rho_peak_to_peak": 0.00041347742080688477,
    "rho_std": 9.061468098558691e-05,
    "ux_std": 0.009455035754458467,
    "x_index": 46
  },
  "geometry_mode": "duct_only",
  "name": "duct_only_48_regularized_boundary_500step_reference_real"
}
