{
  "artifact": "flow_development_diagnostics",
  "bounded_size_artifact": true,
  "controller_authority_ratio_tail_max": 0.5434816237539053,
  "controller_authority_ratio_tail_mean": 0.4483108331138889,
  "controller_feedback_sign_change_count_tail": 0,
  "controller_filtered_flux_error_tail_mean": -18.674246470133465,
  "controller_measured_outlet_flux_tail_mean": 44.2564271291097,
  "controller_raw_flux_error_tail_mean": -2.80357297261556,
  "controller_saturation_fraction_tail": 0.0,
  "controller_tail_record_count": 3,
  "controller_target_outlet_flux_tail_mean": 41.45285415649414,
  "controller_u_feedback_tail_abs_max": 0.0027174081187695265,
  "controller_u_feedback_tail_mean": -0.0022415541655694446,
  "controller_u_feedback_tail_std": 0.00044325978500758345,
  "density_feedback_tail_abs_max": 2.163855060643982e-05,
  "density_feedback_tail_mean": -1.7650517293077428e-05,
  "final": {
    "controller_authority_ratio": 0.3300455631688237,
    "controller_delta_cap_u": 0.0005,
    "controller_density_feedback": -1.2574025276990142e-05,
    "controller_density_feedback_abs": 1.2574025276990142e-05,
    "controller_filtered_flux_error": -13.30331802368164,
    "controller_measured_outlet_flux": 18.818159103393555,
    "controller_raw_flux_error": 22.7554874420166,
    "controller_saturation_count_run": 0,
    "controller_saturation_count_step": 0,
    "controller_saturation_fraction_run": 0.0,
    "controller_slew_alpha": 0.5,
    "controller_target_outlet_flux": 41.573646545410156,
    "controller_u_feedback": -0.0016502278158441186,
    "controller_u_feedback_abs": 0.0016502278158441186,
    "correction_delta_abs_sum": 17.594554901123047,
    "correction_delta_abs_sum_run": 5654.70263671875,
    "correction_gain_effective": 0.25,
    "flow_correction_cap_u": 0.005,
    "lbm_open_boundary_semantics": "regularized_plane_flux_controlled_pressure_outlet",
    "mass_total_delta_rel": -0.014207528860067037,
    "midplane_flux": 29.500748233935326,
    "outlet_flux_after_correction": 14.329099512395114,
    "outlet_flux_error": 27.254392656533344,
    "outlet_flux_error_filtered": -13.30331802368164,
    "outlet_flux_raw_before_correction": 14.329099512395114,
    "outlet_plane_negative_ux_fraction": 0.166351606805293,
    "outlet_plane_rho_mean": 1.005010614886401,
    "outlet_plane_rho_std": 6.90143410743345e-05,
    "outlet_plane_ux_max": 0.011936097405850887,
    "outlet_plane_ux_mean": 0.006737895062790096,
    "outlet_plane_ux_min": -0.009174979291856289,
    "row_role": "plane_flux_control_candidate_48",
    "sampled_x_profile_flux": "0:41.5834921689;24:29.5007482339;47:14.3290995124",
    "selected96_claim_allowed": false,
    "step": 250,
    "step132_authority_sweep_candidate": false,
    "step133_mass_damped_candidate": true,
    "target_outlet_flux": 41.58349216892846,
    "validation_claim_allowed": false
  },
  "mass_drift_tail_mean": -0.012334429633128205,
  "mass_drift_tail_slope": -0.004653216937642543,
  "outlet_flux_tail_slope": -44.20256264651522,
  "rho_outlet_tail_mean": 1.0069299584187723,
  "rho_outlet_tail_std": 0.0014289163527029256,
  "row_count": 11,
  "selected96_claim_allowed": false,
  "step": 133,
  "validation_claim_allowed": false
}
