{
  "centerline_profile_x": {
    "axis": "x",
    "source": [
      "centerline",
      "centerline",
      "centerline",
      "centerline",
      "centerline",
      "centerline",
      "centerline",
      "centerline",
      "centerline",
      "centerline",
      "centerline",
      "centerline",
      "centerline",
      "centerline",
      "centerline",
      "centerline",
      "centerline",
      "centerline",
      "centerline",
      "centerline",
      "centerline",
      "centerline",
      "centerline",
      "centerline",
      "centerline",
      "centerline",
      "centerline",
      "centerline",
      "centerline",
      "centerline",
      "centerline",
      "centerline",
      "centerline",
      "centerline",
      "centerline",
      "centerline",
      "centerline",
      "centerline",
      "centerline",
      "centerline",
      "centerline",
      "centerline",
      "centerline",
      "centerline",
      "centerline",
      "centerline",
      "centerline",
      "centerline"
    ],
    "ux": [
      0.020000819116830826,
      0.019754990935325623,
      0.0195172019302845,
      0.019304078072309494,
      0.019124353304505348,
      0.018983976915478706,
      0.01888146996498108,
      0.018807698041200638,
      0.018739303573966026,
      0.018662918359041214,
      0.018564697355031967,
      0.018474489450454712,
      0.018398182466626167,
      0.018380416557192802,
      0.018374649807810783,
      0.018391044810414314,
      0.01834334246814251,
      0.01829245686531067,
      0.018204709514975548,
      0.01817576214671135,
      0.01811334863305092,
      0.01803695410490036,
      0.01787029765546322,
      0.01774998940527439,
      0.017708411440253258,
      0.017775308340787888,
      0.017749004065990448,
      0.017495524138212204,
      0.016986334696412086,
      0.01643996685743332,
      0.01605856791138649,
      0.015903325751423836,
      0.015824349597096443,
      0.015663694590330124,
      0.01538925152271986,
      0.015118690207600594,
      0.014964689500629902,
      0.01490733865648508,
      0.014778879471123219,
      0.014387150295078754,
      0.013651459477841854,
      0.012651107273995876,
      0.011560113169252872,
      0.0105473343282938,
      0.009719506837427616,
      0.009124442003667355,
      0.008780150674283504,
      0.008701407350599766
    ],
    "y_index": 24,
    "z_index": 24
  },
  "final_flux_imbalance_rel": 0.6554137527895759,
  "final_outlet_reflection_proxy": {
    "fluid_cell_count": 2116,
    "negative_ux_fraction": 0.16824196597353497,
    "proxy_name": "outlet_near_plane_ux_density_variation",
    "rho_peak_to_peak": 0.0019099712371826172,
    "rho_std": 0.0005080850153884064,
    "ux_std": 0.006101909107115008,
    "x_index": 46
  },
  "geometry_mode": "duct_only",
  "name": "duct_only_48_regularized_plane_flux_controlled_gain0p25_cap0p005_rho0p002_alpha0p02_du0p0005_slew0p50_250step_triage"
}
