{
  "artifact": "flow_development_diagnostics",
  "bounded_size_artifact": true,
  "controller_authority_ratio_tail_max": 0.38479766226373613,
  "controller_authority_ratio_tail_mean": 0.3618667639481525,
  "controller_filtered_flux_error_tail_mean": -30.62840398152669,
  "controller_measured_outlet_flux_tail_mean": 61.89269256591797,
  "controller_raw_flux_error_tail_mean": -20.752269744873047,
  "controller_saturation_fraction_tail": 0.0,
  "controller_tail_record_count": 3,
  "controller_target_outlet_flux_tail_mean": 41.14042282104492,
  "controller_u_feedback_tail_abs_max": 0.0007695953245274723,
  "controller_u_feedback_tail_mean": -0.000723733527896305,
  "controller_u_feedback_tail_std": 3.949876447689636e-05,
  "final": {
    "controller_authority_ratio": 0.33659234759397805,
    "controller_filtered_flux_error": -28.489177703857422,
    "controller_measured_outlet_flux": 32.82872009277344,
    "controller_raw_flux_error": 8.248638153076172,
    "controller_saturation_count_run": 0,
    "controller_saturation_count_step": 0,
    "controller_saturation_fraction_run": 0.0,
    "controller_target_outlet_flux": 41.07735824584961,
    "controller_u_feedback": -0.0006731846951879561,
    "controller_u_feedback_abs": 0.0006731846951879561,
    "correction_delta_abs_sum": 7.123101711273193,
    "correction_delta_abs_sum_run": 1371.5028076171875,
    "correction_gain_effective": 0.05000000074505806,
    "flow_correction_cap_u": 0.002,
    "lbm_open_boundary_semantics": "regularized_plane_flux_controlled_pressure_outlet",
    "mass_total_delta_rel": -0.02507971823051168,
    "midplane_flux": 39.06868415810231,
    "outlet_flux_after_correction": 27.949926363394823,
    "outlet_flux_error": 13.131367778087906,
    "outlet_flux_error_filtered": -28.489177703857422,
    "outlet_flux_raw_before_correction": 27.949926363394823,
    "outlet_plane_negative_ux_fraction": 0.09073724007561437,
    "outlet_plane_ux_max": 0.019076144322752953,
    "outlet_plane_ux_mean": 0.013187662100462095,
    "outlet_plane_ux_min": -0.009240926243364811,
    "row_role": "plane_flux_control_candidate_48",
    "sampled_x_profile_flux": "0:41.0812941415;24:39.0686841581;47:27.9499263634",
    "selected96_claim_allowed": false,
    "step": 250,
    "step132_authority_sweep_candidate": true,
    "target_outlet_flux": 41.08129414148273,
    "validation_claim_allowed": false
  },
  "row_count": 11,
  "selected96_claim_allowed": false,
  "step": 132,
  "validation_claim_allowed": false
}
