{
  "centerline_profile_x": {
    "axis": "x",
    "source": [
      "centerline",
      "centerline",
      "centerline",
      "centerline",
      "centerline",
      "centerline",
      "centerline",
      "centerline",
      "centerline",
      "centerline",
      "centerline",
      "centerline",
      "centerline",
      "centerline",
      "centerline",
      "centerline",
      "centerline",
      "centerline",
      "centerline",
      "centerline",
      "centerline",
      "centerline",
      "centerline",
      "centerline",
      "centerline",
      "centerline",
      "centerline",
      "centerline",
      "centerline",
      "centerline",
      "centerline",
      "centerline",
      "centerline",
      "centerline",
      "centerline",
      "centerline",
      "centerline",
      "centerline",
      "centerline",
      "centerline",
      "centerline",
      "centerline",
      "centerline",
      "centerline",
      "centerline",
      "centerline",
      "centerline",
      "centerline"
    ],
    "ux": [
      0.02000013366341591,
      0.01997377909719944,
      0.019975053146481514,
      0.020020075142383575,
      0.020112933591008186,
      0.02025144174695015,
      0.02042417600750923,
      0.020613422617316246,
      0.020794600248336792,
      0.02095993235707283,
      0.021106066182255745,
      0.02126406319439411,
      0.021436531096696854,
      0.02164984494447708,
      0.021852480247616768,
      0.0220495592802763,
      0.022176552563905716,
      0.02230403572320938,
      0.02240762859582901,
      0.022566314786672592,
      0.022679176181554794,
      0.02276892028748989,
      0.02277485467493534,
      0.02284679189324379,
      0.02300856076180935,
      0.02328595519065857,
      0.023469936102628708,
      0.023435311391949654,
      0.023138977587223053,
      0.02279459685087204,
      0.022605841979384422,
      0.022666627541184425,
      0.022838637232780457,
      0.02294342964887619,
      0.022893758490681648,
      0.022779811173677444,
      0.022742614150047302,
      0.02284116856753826,
      0.02297145500779152,
      0.022931259125471115,
      0.022541869431734085,
      0.02175332047045231,
      0.02065669745206833,
      0.019425228238105774,
      0.0182388573884964,
      0.017242062836885452,
      0.01653500273823738,
      0.01618422009050846
    ],
    "y_index": 24,
    "z_index": 24
  },
  "final_flux_imbalance_rel": 0.3196434789241029,
  "final_outlet_reflection_proxy": {
    "fluid_cell_count": 2116,
    "negative_ux_fraction": 0.09073724007561437,
    "proxy_name": "outlet_near_plane_ux_density_variation",
    "rho_peak_to_peak": 0.0029938220977783203,
    "rho_std": 0.0007429517749754848,
    "ux_std": 0.007918395872161033,
    "x_index": 46
  },
  "geometry_mode": "duct_only",
  "name": "duct_only_48_regularized_plane_flux_controlled_gain0p05_cap0p002_250step_triage"
}
