{
  "centerline_profile_x": {
    "axis": "x",
    "source": [
      "centerline",
      "centerline",
      "centerline",
      "centerline",
      "centerline",
      "centerline",
      "centerline",
      "centerline",
      "centerline",
      "centerline",
      "centerline",
      "centerline",
      "centerline",
      "centerline",
      "centerline",
      "centerline",
      "centerline",
      "centerline",
      "centerline",
      "centerline",
      "centerline",
      "centerline",
      "centerline",
      "centerline",
      "centerline",
      "centerline",
      "centerline",
      "centerline",
      "centerline",
      "centerline",
      "centerline",
      "centerline",
      "centerline",
      "centerline",
      "centerline",
      "centerline",
      "centerline",
      "centerline",
      "centerline",
      "centerline",
      "centerline",
      "centerline",
      "centerline",
      "centerline",
      "centerline",
      "centerline",
      "centerline",
      "centerline"
    ],
    "ux": [
      0.01995818316936493,
      0.019719382748007774,
      0.01952013559639454,
      0.019357746466994286,
      0.019233589991927147,
      0.0191565603017807,
      0.019132090732455254,
      0.019149331375956535,
      0.019178153946995735,
      0.019187357276678085,
      0.019165173172950745,
      0.01912960782647133,
      0.01910930499434471,
      0.01912073791027069,
      0.019152456894516945,
      0.01918274164199829,
      0.019197331741452217,
      0.01920129545032978,
      0.019205242395401,
      0.01921718381345272,
      0.019238604232668877,
      0.019271865487098694,
      0.01931881159543991,
      0.019379667937755585,
      0.019449008628726006,
      0.019519370049238205,
      0.019586682319641113,
      0.019653774797916412,
      0.019728239625692368,
      0.019817298278212547,
      0.019924739375710487,
      0.020051276311278343,
      0.02019580639898777,
      0.020356595516204834,
      0.020532937720417976,
      0.020726099610328674,
      0.02093661203980446,
      0.021162062883377075,
      0.02139762043952942,
      0.021638808771967888,
      0.021883243694901466,
      0.022130360826849937,
      0.022379085421562195,
      0.022624921053647995,
      0.02285882458090782,
      0.02306785248219967,
      0.02323906123638153,
      0.023363782092928886
    ],
    "y_index": 24,
    "z_index": 24
  },
  "final_flux_imbalance_rel": 0.037858509216931395,
  "final_outlet_reflection_proxy": {
    "fluid_cell_count": 2116,
    "negative_ux_fraction": 0.001890359168241966,
    "proxy_name": "outlet_near_plane_ux_density_variation",
    "rho_peak_to_peak": 0.00019860267639160156,
    "rho_std": 3.6766149863144484e-05,
    "ux_std": 0.006507366492099432,
    "x_index": 46
  },
  "geometry_mode": "duct_only",
  "name": "duct_only_48_regularized_plane_flux_controlled_gain0p50_cap0p005_rho0p001_alpha0p02_du0p0005_slew0p50_offset2_guard_on_min0p70_ramp85_target0p85_out5_250step_ramp_refined"
}
