{
  "candidate_mass_acceptance_abs_max": 0.005,
  "candidate_mass_acceptance_gate_pass": false,
  "candidate_mass_acceptance_observed_abs": 0.029174741357564926,
  "checkpoint_available": false,
  "code_commit_at_run": "f0284d3f6207eb1c9341dfc9906293b651c6b0f7",
  "config_hash": "80cab5ced2c360c5d45e500169b2d128f13a10bc5a9a9b797ad1586970e0e352",
  "density_gate_pass": true,
  "executed_nx": 8,
  "final_diagnostics": {
    "all_finite": true,
    "centerline_ux_profile": {
      "axis": "x",
      "source": [
        "centerline",
        "centerline",
        "centerline",
        "centerline",
        "centerline",
        "centerline",
        "centerline",
        "centerline"
      ],
      "ux": [
        0.02091796137392521,
        0.025952450931072235,
        0.02777549810707569,
        0.02877715229988098,
        0.029600612819194794,
        0.030101682990789413,
        0.03069818951189518,
        0.0314815528690815
      ],
      "y_index": 3,
      "z_index": 3
    },
    "controller_authority_ratio": 0.25170926625529927,
    "controller_delta_cap_u": 0.0005,
    "controller_density_feedback": 2.4398850655416027e-06,
    "controller_density_feedback_abs": 2.4398850655416027e-06,
    "controller_drop_guard_activation_count_run": 0,
    "controller_drop_guard_activation_fraction_run": 0.0,
    "controller_drop_guard_active_step": 0,
    "controller_drop_guard_reference_flux": 0.3366357386112213,
    "controller_filtered_flux_error": 0.03903815895318985,
    "controller_measure_plane_offset": 2,
    "controller_measured_outlet_flux": 0.3366357386112213,
    "controller_raw_flux_error": -0.06538090109825134,
    "controller_saturation_count_run": 0,
    "controller_saturation_count_step": 0,
    "controller_saturation_fraction_run": 0.0,
    "controller_slew_alpha": 0.5,
    "controller_target_outlet_flux": 0.27125483751296997,
    "controller_target_scale": 0.85,
    "controller_true_outlet_flux_for_guard": 0.321195125579834,
    "controller_u_feedback": 0.0018878194969147444,
    "controller_u_feedback_abs": 0.0018878194969147444,
    "correction_delta_abs_sum": 0.1512206643819809,
    "correction_delta_abs_sum_run": 1.5240097045898438,
    "correction_gain_effective": 0.75,
    "flow_correction_cap_u": 0.0075,
    "fluid_cell_count": 128,
    "flux_balance_reported": true,
    "flux_imbalance_abs": 0.07298318796944747,
    "flux_imbalance_rel": 0.18583544283712708,
    "inlet_flux": 0.3197469977003151,
    "inlet_mean_ux": 0.019171022810041904,
    "lbm_open_boundary_semantics": "regularized_plane_flux_controlled_pressure_outlet",
    "mach_proxy_observed": 0.05452779113932495,
    "mass_total": 131.7343668937683,
    "mass_total_delta_from_initial": 3.7343668937683105,
    "mass_total_delta_rel": 0.029174741357564926,
    "max_v": 0.03148163489260495,
    "midplane_flux": 0.3671430297963305,
    "midplane_mean_ux": 0.02216188021702692,
    "near_outlet_flux_xminus1": 0.38653829508885873,
    "near_outlet_flux_xminus2": 0.3780841265377419,
    "near_outlet_flux_xminus3": 0.3671430297963305,
    "near_outlet_to_outlet_flux_ratio": 0.9842337288885901,
    "open_boundary_flux_control_measure_plane_offset": 2,
    "open_boundary_flux_control_target_scale": 0.85,
    "open_boundary_inlet_ramp_factor": 1.0,
    "open_boundary_inlet_ramp_profile": "linear",
    "open_boundary_inlet_ramp_steps": 10,
    "open_boundary_outlet_flux_drop_guard_enabled": true,
    "open_boundary_outlet_flux_drop_guard_min_ratio": 0.7,
    "outlet_flux": 0.3927301856697626,
    "outlet_flux_after_correction": 0.3927301856697626,
    "outlet_flux_error": -0.12094523762449477,
    "outlet_flux_error_filtered": 0.03903815895318985,
    "outlet_flux_raw_before_correction": 0.3927301856697626,
    "outlet_mean_ux": 0.024642350617796183,
    "outlet_plane_negative_ux_fraction": 0.0,
    "outlet_plane_rho_mean": 0.9960592836141586,
    "outlet_plane_rho_std": 9.1659302723155e-05,
    "outlet_plane_ux_max": 0.03148163482546806,
    "outlet_plane_ux_mean": 0.024642350617796183,
    "outlet_plane_ux_min": 0.018350208178162575,
    "outlet_reflection_proxy": {
      "fluid_cell_count": 16,
      "negative_ux_fraction": 0.0,
      "proxy_name": "outlet_near_plane_ux_density_variation",
      "rho_peak_to_peak": 0.000858306884765625,
      "rho_std": 0.0003092425453007351,
      "ux_std": 0.004653228447933491,
      "x_index": 6
    },
    "rho_max": 1.0431047677993774,
    "rho_mean": 1.029174741357565,
    "rho_min": 0.9959068894386292,
    "rho_std": 0.015329284702072678,
    "row_role": "tiny_smoke",
    "sampled_x_profile_flux": "0:0.3197469977;2:0.328701998422;4:0.367143029796;5:0.378084126538;6:0.386538295089;7:0.39273018567",
    "selected96_claim_allowed": false,
    "step": 20,
    "step132_authority_sweep_candidate": false,
    "step133_mass_damped_candidate": false,
    "step134_outlet_stationarity_candidate": false,
    "step135_interior_reflection_candidate": false,
    "step136_ramped_throughput_calibration_candidate": false,
    "step137_ramp_target_refinement_candidate": false,
    "step138_high_authority_outlet_candidate": false,
    "target_outlet_flux": 0.2717849480452678,
    "validation_claim_allowed": false,
    "x_profile_flux_samples": "{\"0\":0.3197469977003151,\"2\":0.32870199842159764,\"4\":0.3671430297963305,\"5\":0.3780841265377419,\"6\":0.38653829508885873,\"7\":0.3927301856697626}",
    "x_profile_rho_mean_samples": "{\"0\":1.0424494296312332,\"2\":1.0393330454826355,\"4\":1.0355110466480255,\"5\":1.0272831097245216,\"6\":1.0136389285326004,\"7\":0.9960592836141586}",
    "x_profile_ux_mean_samples": "{\"0\":0.019171022810041904,\"2\":0.019765547302085906,\"4\":0.02216188021702692,\"5\":0.02300445968285203,\"6\":0.023834950989112258,\"7\":0.024642350617796183}"
  },
  "finite_pass": true,
  "first_failure_detector": {
    "all_records_finite": true,
    "first_failure_reason": null,
    "first_failure_step": null,
    "first_high_density_step": null,
    "first_mass_drift_step": null,
    "first_max_v_step": null,
    "first_negative_density_step": null,
    "first_nonfinite_step": null,
    "record_count": 5
  },
  "first_failure_reason": null,
  "first_failure_step": null,
  "flow_correction_delta_abs_sum": 1.5240097045898438,
  "flow_development_gate_pass": false,
  "flow_outlet_flux_error_filtered": 0.03903815895318985,
  "flux_balance_reported": true,
  "flux_imbalance_rel_final": 0.18583544283712708,
  "flux_imbalance_rel_tail_max": 0.18583544283712708,
  "flux_imbalance_rel_tail_mean": 0.18583544283712708,
  "geometry_mode": "duct_only",
  "hard_stop_failure_reason": null,
  "hard_stop_failure_step": null,
  "hard_stop_mass_drift_abs_max": 0.05,
  "hard_stop_mass_drift_gate_pass": true,
  "hard_stop_mass_drift_observed_abs": 0.029174741357564926,
  "inlet_flux_tail_mean": 0.3197469977003151,
  "inlet_u_lbm": 0.02,
  "lbm_niu": 0.1,
  "lbm_open_boundary_semantics": "regularized_plane_flux_controlled_pressure_outlet",
  "lbm_relaxation_semantics": "legacy_external_solver_relaxation_parameter",
  "lbm_viscosity_semantics": "legacy_external",
  "limiter_activation_count": 0,
  "limiter_activation_denominator": 0,
  "limiter_activation_fraction": 0.0,
  "limiter_activation_gate_pass": true,
  "limiter_activation_summary": {
    "controller_drop_guard_activation_count_run": 0,
    "controller_drop_guard_activation_fraction_run": 0.0,
    "controller_drop_guard_active_step": 0,
    "controller_drop_guard_min_ratio": 0.7,
    "controller_drop_guard_reference_flux": 0.3366357386112213,
    "controller_measure_plane_offset": 2,
    "controller_target_scale": 0.85,
    "controller_true_outlet_flux_for_guard": 0.321195125579834,
    "flow_correction_delta_abs_sum": 1.5240097045898438,
    "flow_correction_delta_abs_sum_step": 0.1512206643819809,
    "flow_correction_gain_effective": 0.75,
    "flow_outlet_flux_error_filtered": 0.03903815895318985,
    "limiter_activation_count": 0,
    "limiter_activation_denominator": 0,