{
  "centerline_profile_x": {
    "axis": "x",
    "source": [
      "centerline",
      "centerline",
      "centerline",
      "centerline",
      "centerline",
      "centerline",
      "centerline",
      "centerline"
    ],
    "ux": [
      0.02091796137392521,
      0.025952450931072235,
      0.02777549810707569,
      0.02877715229988098,
      0.029600612819194794,
      0.030101682990789413,
      0.03069818951189518,
      0.0314815528690815
    ],
    "y_index": 3,
    "z_index": 3
  },
  "final_flux_imbalance_rel": 0.18583544283712708,
  "final_outlet_reflection_proxy": {
    "fluid_cell_count": 16,
    "negative_ux_fraction": 0.0,
    "proxy_name": "outlet_near_plane_ux_density_variation",
    "rho_peak_to_peak": 0.000858306884765625,
    "rho_std": 0.0003092425453007351,
    "ux_std": 0.004653228447933491,
    "x_index": 6
  },
  "geometry_mode": "duct_only",
  "name": "tiny_step138_high_authority_outlet_smoke"
}
