step,inlet_flux,outlet_flux,flux_imbalance_abs,flux_imbalance_rel
0,0.0,0.0,0.0,0.0
5,0.39423138922209167,-3.576278757577694e-07,0.3942317468499674,1.0000009071522094
