{
  "final_midplane_mean_ux": 7.011052366578951e-05,
  "finite_pass": true,
  "max_speed": 0.0021525563206523657,
  "mean_speed": 0.0004019138286821544,
  "throat_x_index": 4
}
