step,total_mpm_substeps,coupling_mode,rho_min,rho_max,lbm_max_v,fluid_mean_ux,projection_zone_fluid_mean_ux,far_field_fluid_mean_ux,solid_mean_vx_norm,mpm_min_J,mpm_max_speed,projected_mass,active_cell_count,cell_force_max_norm,hydro_force_max_norm,bb_link_count,bb_max_correction,active_reaction_particle_count,max_grid_reaction_norm,elapsed_seconds
0,0,moving_boundary,1.0,1.0,0.0,0.0,0.0,0.0,0.0,1.0,0.0,0.0,0,0.0,0.0,0,0.0,0,0.0,2.2914644999982556
1,1,moving_boundary,0.9996364116668701,1.0005109310150146,0.0007779246079735458,6.46814299898324e-08,-6.344783400891174e-07,5.331996177915244e-09,-8.71214251674246e-06,0.99994957447052,0.0018001419957727194,0.022649109363555908,4424,0.0,0.41573983430862427,9342,0.00016323452291544527,1023,4.2187501094304025e-05,14.640746000004583
