step,total_mpm_substeps,coupling_mode,rho_min,rho_max,lbm_max_v,fluid_mean_ux,projection_zone_fluid_mean_ux,far_field_fluid_mean_ux,solid_mean_vx_norm,mpm_min_J,mpm_max_speed,projected_mass,active_cell_count,cell_force_max_norm,hydro_force_max_norm,bb_link_count,bb_max_correction,active_reaction_particle_count,max_grid_reaction_norm,elapsed_seconds
0,0,moving_boundary,1.0,1.0,0.0,0.0,0.0,0.0,3.124992609024048,1.0,3.125,0.0,0,0.0,0.0,0,0.0,0,0.0,5.151394000000437
1,1,moving_boundary,0.980000376701355,1.0200003385543823,0.020408153533935547,0.00030918707489036024,0.0032320148311555386,0.0,3.124980926513672,0.9999899864196777,3.125638723373413,0.027000010013580322,343,0.0,0.4174053966999054,552,0.006666671484708786,512,4.052240547025576e-05,147.7779448999936
