{
  "anomaly_cell": [
    2,
    3,
    3
  ],
  "f_shape": [
    48,
    48,
    48,
    19
  ],
  "field_stats": {
    "F_min": 0.02499554492533207,
    "f_min": 0.02499554492533207,
    "max_v": 0.02623778209090233,
    "rho_max": 1.0145390033721924,
    "rho_min": 0.9878705739974976
  },
  "local_window": {
    "bounds": [
      [
        1,
        4
      ],
      [
        2,
        5
      ],
      [
        2,
        5
      ]
    ],
    "max_v": 0.0262377,
    "rho_max": 0.9890357,
    "rho_min": 0.9884717
  },
  "raw_arrays_committed_to_git": false,
  "reason": "final",
  "rho_shape": [
    48,
    48,
    48
  ],
  "runtime_npz_path": "D:\\working\\squid robot\\LBM\\MPM-LBM\\outputs\\tmp\\step120_failure_snapshots\\duct_only_48_regularized_plane_flux_controlled_gain0p75_cap0p0075_rho0p0010_mncaptest_mgain0p50_mcap0p0015_blend0p50_slew0p25_out5_250step_satstat\\snapshot_step_000250_final.npz",
  "snapshot_payload_omitted_from_git": true,
  "step": 250
}
