{
  "candidate_mass_acceptance_abs_max": 0.005,
  "candidate_mass_acceptance_gate_pass": false,
  "candidate_mass_acceptance_observed_abs": 0.02990562468767166,
  "checkpoint_available": false,
  "code_commit_at_run": "e46ad23e361341567b92b8e114711f87d3f565f3",
  "config_hash": "9b76b3e135802d585ce2974d775f604de678257ab6bf14789fea7c685d50a3b5",
  "density_gate_pass": true,
  "executed_nx": 8,
  "final_diagnostics": {
    "all_finite": true,
    "centerline_ux_profile": {
      "axis": "x",
      "source": [
        "centerline",
        "centerline",
        "centerline",
        "centerline",
        "centerline",
        "centerline",
        "centerline",
        "centerline"
      ],
      "ux": [
        0.020915793254971504,
        0.02585175633430481,
        0.02755124680697918,
        0.028399944305419922,
        0.02905253693461418,
        0.02939373068511486,
        0.02988015115261078,
        0.030642351135611534
      ],
      "y_index": 3,
      "z_index": 3
    },
    "controller_authority_ratio": 0.30285543762147427,
    "controller_delta_cap_u": 0.0005,
    "controller_density_feedback": 2.990790562762413e-06,
    "controller_density_feedback_abs": 2.990790562762413e-06,
    "controller_drop_guard_activation_count_run": 0,
    "controller_drop_guard_activation_fraction_run": 0.0,
    "controller_drop_guard_active_step": 0,
    "controller_drop_guard_reference_flux": 0.3287750482559204,
    "controller_filtered_flux_error": 0.04785264655947685,
    "controller_measure_plane_offset": 2,
    "controller_measured_outlet_flux": 0.3287750482559204,
    "controller_raw_flux_error": -0.025577306747436523,
    "controller_saturation_count_run": 0,
    "controller_saturation_count_step": 0,
    "controller_saturation_fraction_run": 0.0,
    "controller_slew_alpha": 0.5,
    "controller_target_outlet_flux": 0.3031977415084839,
    "controller_target_scale": 0.95,
    "controller_true_outlet_flux_for_guard": 0.3112833499908447,
    "controller_u_feedback": 0.0015142771881073713,
    "controller_u_feedback_abs": 0.0015142771881073713,
    "correction_delta_abs_sum": 0.12138140201568604,
    "correction_delta_abs_sum_run": 1.1664328575134277,
    "correction_gain_effective": 0.5,
    "flow_correction_cap_u": 0.005,
    "fluid_cell_count": 128,
    "flux_balance_reported": true,
    "flux_imbalance_abs": 0.06337496086301986,
    "flux_imbalance_rel": 0.1653993330608347,
    "inlet_flux": 0.31978837897771717,
    "inlet_mean_ux": 0.019170429673977196,
    "lbm_open_boundary_semantics": "regularized_plane_flux_controlled_pressure_outlet",
    "mach_proxy_observed": 0.05307415745433671,
    "mass_total": 131.82791996002197,
    "mass_total_delta_from_initial": 3.8279199600219727,
    "mass_total_delta_rel": 0.02990562468767166,
    "max_v": 0.030642379093273883,
    "midplane_flux": 0.3603556339054075,
    "midplane_mean_ux": 0.021734016248956323,
    "near_outlet_flux_xminus1": 0.3769156474572599,
    "near_outlet_flux_xminus2": 0.36951112350297644,
    "near_outlet_flux_xminus3": 0.3603556339054075,
    "near_outlet_to_outlet_flux_ratio": 0.9836944411590264,
    "open_boundary_flux_control_measure_plane_offset": 2,
    "open_boundary_flux_control_target_scale": 0.95,
    "open_boundary_inlet_ramp_factor": 1.0,
    "open_boundary_inlet_ramp_profile": "linear",
    "open_boundary_inlet_ramp_steps": 10,
    "open_boundary_outlet_flux_drop_guard_enabled": true,
    "open_boundary_outlet_flux_drop_guard_min_ratio": 0.7,
    "outlet_flux": 0.383163339840737,
    "outlet_flux_after_correction": 0.383163339840737,
    "outlet_flux_error": -0.07936437981190575,
    "outlet_flux_error_filtered": 0.04785264655947685,
    "outlet_flux_raw_before_correction": 0.383163339840737,
    "outlet_mean_ux": 0.024011578876525164,
    "outlet_plane_negative_ux_fraction": 0.0,
    "outlet_plane_rho_mean": 0.9973238185048103,
    "outlet_plane_rho_std": 9.326978036814641e-05,
    "outlet_plane_ux_max": 0.030642379075288773,
    "outlet_plane_ux_mean": 0.024011578876525164,
    "outlet_plane_ux_min": 0.01790546253323555,
    "outlet_reflection_proxy": {
      "fluid_cell_count": 16,
      "negative_ux_fraction": 0.0,
      "proxy_name": "outlet_near_plane_ux_density_variation",
      "rho_peak_to_peak": 0.0008717775344848633,
      "rho_std": 0.0003140845433772275,
      "ux_std": 0.004521135337261611,
      "x_index": 6
    },
    "rho_max": 1.0432615280151367,
    "rho_mean": 1.0299056246876717,
    "rho_min": 0.9971687197685242,
    "rho_std": 0.014973971199975096,
    "row_role": "tiny_smoke",
    "sampled_x_profile_flux": "0:0.319788378978;2:0.325860833713;4:0.360355633905;5:0.369511123503;6:0.376915647457;7:0.383163339841",
    "selected96_claim_allowed": false,
    "step": 20,
    "step132_authority_sweep_candidate": false,
    "step133_mass_damped_candidate": false,
    "step134_outlet_stationarity_candidate": false,
    "step135_interior_reflection_candidate": false,
    "step136_ramped_throughput_calibration_candidate": false,
    "target_outlet_flux": 0.3037989600288313,
    "validation_claim_allowed": false,
    "x_profile_flux_samples": "{\"0\":0.31978837897771717,\"2\":0.3258608337132788,\"4\":0.3603556339054075,\"5\":0.36951112350297644,\"6\":0.3769156474572599,\"7\":0.383163339840737}",
    "x_profile_rho_mean_samples": "{\"0\":1.0426161289215088,\"2\":1.039705641567707,\"4\":1.0363757908344269,\"5\":1.0283866673707962,\"6\":1.014891393482685,\"7\":0.9973238185048103}",
    "x_profile_ux_mean_samples": "{\"0\":0.019170429673977196,\"2\":0.019587641640100628,\"4\":0.021734016248956323,\"5\":0.02245872060302645,\"6\":0.023212927975691855,\"7\":0.024011578876525164}"
  },
  "finite_pass": true,
  "first_failure_detector": {
    "all_records_finite": true,
    "first_failure_reason": null,
    "first_failure_step": null,
    "first_high_density_step": null,
    "first_mass_drift_step": null,
    "first_max_v_step": null,
    "first_negative_density_step": null,
    "first_nonfinite_step": null,
    "record_count": 5
  },
  "first_failure_reason": null,
  "first_failure_step": null,
  "flow_correction_delta_abs_sum": 1.1664328575134277,
  "flow_development_gate_pass": false,
  "flow_outlet_flux_error_filtered": 0.04785264655947685,
  "flux_balance_reported": true,
  "flux_imbalance_rel_final": 0.1653993330608347,
  "flux_imbalance_rel_tail_max": 0.1653993330608347,
  "flux_imbalance_rel_tail_mean": 0.1653993330608347,
  "geometry_mode": "duct_only",
  "hard_stop_failure_reason": null,
  "hard_stop_failure_step": null,
  "hard_stop_mass_drift_abs_max": 0.05,
  "hard_stop_mass_drift_gate_pass": true,
  "hard_stop_mass_drift_observed_abs": 0.02990562468767166,
  "inlet_flux_tail_mean": 0.31978837897771717,
  "inlet_u_lbm": 0.02,
  "lbm_niu": 0.1,
  "lbm_open_boundary_semantics": "regularized_plane_flux_controlled_pressure_outlet",
  "lbm_relaxation_semantics": "legacy_external_solver_relaxation_parameter",
  "lbm_viscosity_semantics": "legacy_external",
  "limiter_activation_count": 0,
  "limiter_activation_denominator": 0,
  "limiter_activation_fraction": 0.0,
  "limiter_activation_gate_pass": true,
  "limiter_activation_summary": {
    "controller_drop_guard_activation_count_run": 0,
    "controller_drop_guard_activation_fraction_run": 0.0,
    "controller_drop_guard_active_step": 0,
    "controller_drop_guard_min_ratio": 0.7,
    "controller_drop_guard_reference_flux": 0.3287750482559204,
    "controller_measure_plane_offset": 2,
    "controller_target_scale": 0.95,
    "controller_true_outlet_flux_for_guard": 0.3112833499908447,
    "flow_correction_delta_abs_sum": 1.1664328575134277,
    "flow_correction_delta_abs_sum_step": 0.12138140201568604,
    "flow_correction_gain_effective": 0.5,
    "flow_outlet_flux_error_filtered": 0.04785264655947685,
    "limiter_activation_count": 0,
    "limiter_activation_denominator": 0,
    "limiter_activation_fraction": 0.0,
    "limiter_activation_fraction_limit": 0.05,