{
  "centerline_profile_x": {
    "axis": "x",
    "source": [
      "centerline",
      "centerline",
      "centerline",
      "centerline",
      "centerline",
      "centerline",
      "centerline",
      "centerline"
    ],
    "ux": [
      0.020915793254971504,
      0.02585175633430481,
      0.02755124680697918,
      0.028399944305419922,
      0.02905253693461418,
      0.02939373068511486,
      0.02988015115261078,
      0.030642351135611534
    ],
    "y_index": 3,
    "z_index": 3
  },
  "final_flux_imbalance_rel": 0.1653993330608347,
  "final_outlet_reflection_proxy": {
    "fluid_cell_count": 16,
    "negative_ux_fraction": 0.0,
    "proxy_name": "outlet_near_plane_ux_density_variation",
    "rho_peak_to_peak": 0.0008717775344848633,
    "rho_std": 0.0003140845433772275,
    "ux_std": 0.004521135337261611,
    "x_index": 6
  },
  "geometry_mode": "duct_only",
  "name": "tiny_step136_ramped_throughput_calibration_smoke"
}
