{
  "artifact": "flow_development_diagnostics",
  "bounded_size_artifact": true,
  "controller_authority_ratio_tail_max": 0.5430548451840878,
  "controller_authority_ratio_tail_mean": 0.44773064243296784,
  "controller_feedback_sign_change_count_tail": 0,
  "controller_filtered_flux_error_tail_mean": -18.64951451619466,
  "controller_measured_outlet_flux_tail_mean": 44.224337895711265,
  "controller_raw_flux_error_tail_mean": -2.7706712086995444,
  "controller_saturation_fraction_tail": 0.0,
  "controller_tail_record_count": 3,
  "controller_target_outlet_flux_tail_mean": 41.45366668701172,
  "controller_u_feedback_tail_abs_max": 0.0027152742259204388,
  "controller_u_feedback_tail_mean": -0.0022386532121648393,
  "controller_u_feedback_tail_std": 0.000443761029709448,
  "density_feedback_tail_abs_max": 5.405273896030849e-06,
  "density_feedback_tail_mean": -4.40678513768944e-06,
  "final": {
    "controller_authority_ratio": 0.3293550107628107,
    "controller_delta_cap_u": 0.0005,
    "controller_density_feedback": -3.1366303119284566e-06,
    "controller_density_feedback_abs": 3.1366303119284566e-06,
    "controller_filtered_flux_error": -13.274219512939453,
    "controller_measured_outlet_flux": 18.7974910736084,
    "controller_raw_flux_error": 22.777223587036133,
    "controller_saturation_count_run": 0,
    "controller_saturation_count_step": 0,
    "controller_saturation_fraction_run": 0.0,
    "controller_slew_alpha": 0.5,
    "controller_target_outlet_flux": 41.57471466064453,
    "controller_u_feedback": -0.0016467750538140535,
    "controller_u_feedback_abs": 0.0016467750538140535,
    "correction_delta_abs_sum": 17.45551872253418,
    "correction_delta_abs_sum_run": 5616.13330078125,
    "correction_gain_effective": 0.25,
    "flow_correction_cap_u": 0.005,
    "lbm_open_boundary_semantics": "regularized_plane_flux_controlled_pressure_outlet",
    "mass_total_delta_rel": -0.014184975814691638,
    "midplane_flux": 29.487633400673154,
    "outlet_flux_after_correction": 14.309633463111695,
    "outlet_flux_error": 27.27499835189485,
    "outlet_flux_error_filtered": -13.274219512939453,
    "outlet_flux_raw_before_correction": 14.309633463111695,
    "outlet_plane_negative_ux_fraction": 0.166351606805293,
    "outlet_plane_rho_mean": 1.0050106144920414,
    "outlet_plane_rho_std": 6.897290985436716e-05,
    "outlet_plane_ux_max": 0.011925498954951763,
    "outlet_plane_ux_mean": 0.006728741531040795,
    "outlet_plane_ux_min": -0.009172923862934113,
    "row_role": "plane_flux_control_candidate_48",
    "sampled_x_profile_flux": "0:41.584631815;24:29.4876334007;47:14.3096334631",
    "selected96_claim_allowed": false,
    "step": 250,
    "step132_authority_sweep_candidate": false,
    "step133_mass_damped_candidate": true,
    "target_outlet_flux": 41.584631815006546,
    "validation_claim_allowed": false
  },
  "mass_drift_tail_mean": -0.01232056122944557,
  "mass_drift_tail_slope": -0.004635350114390695,
  "outlet_flux_tail_slope": -44.1841114064716,
  "rho_outlet_tail_mean": 1.006934913829504,
  "rho_outlet_tail_std": 0.0014329189458766134,
  "row_count": 11,
  "selected96_claim_allowed": false,
  "step": 133,
  "validation_claim_allowed": false
}
