{
  "centerline_profile_x": {
    "axis": "x",
    "source": [
      "centerline",
      "centerline",
      "centerline",
      "centerline",
      "centerline",
      "centerline",
      "centerline",
      "centerline",
      "centerline",
      "centerline",
      "centerline",
      "centerline",
      "centerline",
      "centerline",
      "centerline",
      "centerline",
      "centerline",
      "centerline",
      "centerline",
      "centerline",
      "centerline",
      "centerline",
      "centerline",
      "centerline",
      "centerline",
      "centerline",
      "centerline",
      "centerline",
      "centerline",
      "centerline",
      "centerline",
      "centerline",
      "centerline",
      "centerline",
      "centerline",
      "centerline",
      "centerline",
      "centerline",
      "centerline",
      "centerline",
      "centerline",
      "centerline",
      "centerline",
      "centerline",
      "centerline",
      "centerline",
      "centerline",
      "centerline"
    ],
    "ux": [
      0.020000774413347244,
      0.019754478707909584,
      0.019516155123710632,
      0.01930248737335205,
      0.01912224292755127,
      0.01898123323917389,
      0.018878133967518806,
      0.01880401186645031,
      0.018735185265541077,
      0.018658531829714775,
      0.018559930846095085,
      0.018469413742423058,
      0.018392715603113174,
      0.01837467961013317,
      0.018368778750300407,
      0.018385041505098343,
      0.0183371901512146,
      0.01828615367412567,
      0.01819816417992115,
      0.01816912554204464,
      0.01810641586780548,
      0.018029987812042236,
      0.017863217741250992,
      0.01774262823164463,
      0.01770078018307686,
      0.01776745915412903,
      0.0177408829331398,
      0.01748717576265335,
      0.016977787017822266,
      0.016431085765361786,
      0.016049403697252274,
      0.015893734991550446,
      0.015814337879419327,
      0.015653347596526146,
      0.015378458425402641,
      0.015107700601220131,
      0.014953461475670338,
      0.014895842410624027,
      0.014766833744943142,
      0.014374379999935627,
      0.013637913390994072,
      0.012637159787118435,
      0.011546153575181961,
      0.010533725842833519,
      0.009706560522317886,
      0.00911224540323019,
      0.008768699131906033,
      0.008690518327057362
    ],
    "y_index": 24,
    "z_index": 24
  },
  "final_flux_imbalance_rel": 0.6558913031436817,
  "final_outlet_reflection_proxy": {
    "fluid_cell_count": 2116,
    "negative_ux_fraction": 0.16824196597353497,
    "proxy_name": "outlet_near_plane_ux_density_variation",
    "rho_peak_to_peak": 0.001907944679260254,
    "rho_std": 0.0005076568490646723,
    "ux_std": 0.00609870406916514,
    "x_index": 46
  },
  "geometry_mode": "duct_only",
  "name": "duct_only_48_regularized_plane_flux_controlled_gain0p25_cap0p005_rho0p0005_alpha0p02_du0p0005_slew0p50_250step_triage"
}
