{
  "centerline_profile_x": {
    "axis": "x",
    "source": [
      "centerline",
      "centerline",
      "centerline",
      "centerline",
      "centerline",
      "centerline",
      "centerline",
      "centerline",
      "centerline",
      "centerline",
      "centerline",
      "centerline",
      "centerline",
      "centerline",
      "centerline",
      "centerline",
      "centerline",
      "centerline",
      "centerline",
      "centerline",
      "centerline",
      "centerline",
      "centerline",
      "centerline",
      "centerline",
      "centerline",
      "centerline",
      "centerline",
      "centerline",
      "centerline",
      "centerline",
      "centerline",
      "centerline",
      "centerline",
      "centerline",
      "centerline",
      "centerline",
      "centerline",
      "centerline",
      "centerline",
      "centerline",
      "centerline",
      "centerline",
      "centerline",
      "centerline",
      "centerline",
      "centerline",
      "centerline"
    ],
    "ux": [
      0.020011872053146362,
      0.01978631131350994,
      0.019549192860722542,
      0.019311465322971344,
      0.01908806897699833,
      0.018898431211709976,
      0.018755001947283745,
      0.018652748316526413,
      0.018561631441116333,
      0.018451541662216187,
      0.018302803859114647,
      0.01815231703221798,
      0.018028786405920982,
      0.01799728348851204,
      0.01801057904958725,
      0.018052849918603897,
      0.01799333654344082,
      0.017887484282255173,
      0.017738651484251022,
      0.017701126635074615,
      0.01767997443675995,
      0.017621397972106934,
      0.017390482127666473,
      0.017168601974844933,
      0.017117366194725037,
      0.01730894111096859,
      0.017439033836126328,
      0.01719401404261589,
      0.016510624438524246,
      0.0157490074634552,
      0.015302187763154507,
      0.015258047729730606,
      0.015328667126595974,
      0.015189378522336483,
      0.014774726703763008,
      0.01430121622979641,
      0.014004025608301163,
      0.013901446014642715,
      0.01377708651125431,
      0.013372725807130337,
      0.012591399252414703,
      0.011548571288585663,
      0.010462518781423569,
      0.009514729492366314,
      0.00879018846899271,
      0.008300796151161194,
      0.008034754544496536,
      0.007989026606082916
    ],
    "y_index": 24,
    "z_index": 24
  },
  "final_flux_imbalance_rel": 0.6656101908797049,
  "final_outlet_reflection_proxy": {
    "fluid_cell_count": 2116,
    "negative_ux_fraction": 0.166351606805293,
    "proxy_name": "outlet_near_plane_ux_density_variation",
    "rho_peak_to_peak": 0.0018725991249084473,
    "rho_std": 0.0004948358308014579,
    "ux_std": 0.0056946454832208886,
    "x_index": 46
  },
  "geometry_mode": "duct_only",
  "name": "duct_only_48_regularized_plane_flux_controlled_gain0p25_cap0p005_rho0p001_alpha0p02_du0p0005_slew0p50_offset2_guard_on_min0p70_ramp0_niu0p08_out5_250step_interior_diag"
}
