step,total_mpm_substeps,coupling_mode,rho_min,rho_max,lbm_max_v,fluid_mean_ux,projection_zone_fluid_mean_ux,far_field_fluid_mean_ux,solid_mean_vx_norm,mpm_min_J,mpm_max_speed,projected_mass,active_cell_count,cell_force_max_norm,hydro_force_max_norm,bb_link_count,bb_max_correction,active_reaction_particle_count,max_grid_reaction_norm,elapsed_seconds
0,0,moving_boundary,1.0,1.0,0.0,0.0,0.0,0.0,0.15625476837158203,1.0,0.15625,0.0,0,0.0,0.0,0,0.0,0,0.0,1.6057037000427954
10,100,moving_boundary,0.9684749841690063,1.0298174619674683,0.02595710940659046,0.00048111871001310647,0.0012716776691377163,0.000399706419557333,0.16982097923755646,0.9881107211112976,0.2895996868610382,0.02700001746416092,1452,0.0,0.4022144675254822,2322,0.010795701295137405,3584,4.100049409316853e-05,11.195286300033331
