{
  "active_reaction_particle_count_max": 3299,
  "active_reaction_particle_count_min": 3275,
  "area_proxy_total_final": 5226.96533203125,
  "area_proxy_total_initial": 0.0,
  "area_proxy_total_max": 5226.96533203125,
  "area_proxy_total_min": 0.0,
  "area_scale_final": 0.8085690140724182,
  "area_scale_initial": 1.0,
  "area_scale_max": 1.0,
  "area_scale_mean": 0.8480134308338165,
  "area_scale_min": 0.7840836644172668,
  "bb_link_count_max": 6668,
  "bb_link_count_min": 6606,
  "case": "squid_proxy_48_link_area_long",
  "cell_force_max_norm": 0.0,
  "completed_lbm_steps": 30,
  "elapsed_seconds": 103.23680830001831,
  "estimated_memory_mb": 26.15625,
  "geometry_type": "squid_proxy",
  "hydro_force_max_norm": 0.4203343689441681,
  "lbm_max_v_global": 0.007718042470514774,
  "max_grid_reaction_norm": 1.0526796359044965e-05,
  "mode": "moving_boundary",
  "mpm_max_speed_global": 0.06264490634202957,
  "mpm_min_J_global": 0.9939621686935425,
  "mpm_substeps_per_lbm_step": 10,
  "n_grid": 48,
  "n_lbm_steps": 30,
  "n_particles": 4096,
  "notes": "Step 19 48^3 procedural squid_proxy link-area long-run",
  "projection_zone_ux_final": 0.00025520147755742073,
  "projection_zone_ux_initial": 0.0,
  "raw_area_scale_final": 0.8085690140724182,
  "raw_area_scale_initial": 1.0,
  "raw_area_scale_max": 1.0,
  "raw_area_scale_min": 0.7840836644172668,
  "reaction_transfer_mode": "link_area_experimental",
  "rho_max_global": 1.0120291709899902,
  "rho_min_global": 0.9910463094711304,
  "rho_span_global": 0.020982861518859863,
  "solid_vx_drift": 0.0007510874420404434,
  "solid_vx_final": 0.026792623102664948,
  "solid_vx_initial": 0.026041535660624504,
  "stable": true,
  "total_mpm_substeps": 300,
  "transfer_mode": "link_area_experimental",
  "well_behaved": true
}
