{
  "centerline_profile_x": {
    "axis": "x",
    "source": [
      "centerline",
      "centerline",
      "centerline",
      "centerline",
      "centerline",
      "centerline",
      "centerline",
      "centerline",
      "centerline",
      "centerline",
      "centerline",
      "centerline",
      "centerline",
      "centerline",
      "centerline",
      "centerline",
      "centerline",
      "centerline",
      "centerline",
      "centerline",
      "centerline",
      "centerline",
      "centerline",
      "centerline",
      "centerline",
      "centerline",
      "centerline",
      "centerline",
      "centerline",
      "centerline",
      "centerline",
      "centerline",
      "centerline",
      "centerline",
      "centerline",
      "centerline",
      "centerline",
      "centerline",
      "centerline",
      "centerline",
      "centerline",
      "centerline",
      "centerline",
      "centerline",
      "centerline",
      "centerline",
      "centerline",
      "centerline"
    ],
    "ux": [
      0.01995808258652687,
      0.0197190772742033,
      0.019519582390785217,
      0.01935683749616146,
      0.01923210918903351,
      0.01915416494011879,
      0.019128557294607162,
      0.019144216552376747,
      0.019171159714460373,
      0.019178250804543495,
      0.019153807312250137,
      0.019115976989269257,
      0.019093479961156845,
      0.019102904945611954,
      0.019132591784000397,
      0.0191607978194952,
      0.01917349360883236,
      0.019175520166754723,
      0.019177373498678207,
      0.019186601042747498,
      0.01920379512012005,
      0.019229872152209282,
      0.019265692681074142,
      0.019311605021357536,
      0.019364872947335243,
      0.01942274160683155,
      0.01948500983417034,
      0.019555985927581787,
      0.019642453640699387,
      0.01974947564303875,
      0.019877249374985695,
      0.020021874457597733,
      0.02017875574529171,
      0.020345987752079964,
      0.020525645464658737,
      0.02072107419371605,
      0.020933881402015686,
      0.02116207592189312,
      0.021400919184088707,
      0.021646087989211082,
      0.02189507894217968,
      0.022147318348288536,
      0.022401604801416397,
      0.022653423249721527,
      0.0228933896869421,
      0.023108674213290215,
      0.023286247625947,
      0.023417416960000992
    ],
    "y_index": 24,
    "z_index": 24
  },
  "final_flux_imbalance_rel": 0.03907009286737273,
  "final_outlet_reflection_proxy": {
    "fluid_cell_count": 2116,
    "negative_ux_fraction": 0.001890359168241966,
    "proxy_name": "outlet_near_plane_ux_density_variation",
    "rho_peak_to_peak": 0.00020420551300048828,
    "rho_std": 3.78987789813509e-05,
    "ux_std": 0.0065667026020088445,
    "x_index": 46
  },
  "geometry_mode": "duct_only",
  "name": "duct_only_48_regularized_plane_flux_controlled_gain0p50_cap0p005_rho0p001_alpha0p02_du0p0005_slew0p50_offset2_guard_on_min0p70_ramp85_target0p90_out5_250step_ramp_refined"
}
