step,rho_min,rho_max,rho_mean,mass_total,mass_total_delta_from_initial,mass_total_delta_rel
0,1.0,1.0,1.0,128.0,0.0,0.0
5,0.9999998807907104,1.0495233535766602,1.0123634561896324,129.58252239227295,1.5825223922729492,0.012363456189632416
