{
  "centerline_profile_x": {
    "axis": "x",
    "source": [
      "centerline",
      "centerline",
      "centerline",
      "centerline",
      "centerline",
      "centerline",
      "centerline",
      "centerline",
      "centerline",
      "centerline",
      "centerline",
      "centerline",
      "centerline",
      "centerline",
      "centerline",
      "centerline",
      "centerline",
      "centerline",
      "centerline",
      "centerline",
      "centerline",
      "centerline",
      "centerline",
      "centerline",
      "centerline",
      "centerline",
      "centerline",
      "centerline",
      "centerline",
      "centerline",
      "centerline",
      "centerline",
      "centerline",
      "centerline",
      "centerline",
      "centerline",
      "centerline",
      "centerline",
      "centerline",
      "centerline",
      "centerline",
      "centerline",
      "centerline",
      "centerline",
      "centerline",
      "centerline",
      "centerline",
      "centerline"
    ],
    "ux": [
      0.020000698044896126,
      0.01975632645189762,
      0.019519813358783722,
      0.019307641312479973,
      0.01912849210202694,
      0.01898818463087082,
      0.018885327503085136,
      0.018811112269759178,
      0.018741941079497337,
      0.018664667382836342,
      0.01856544427573681,
      0.018474258482456207,
      0.018396981060504913,
      0.018378613516688347,
      0.01837296597659588,
      0.01839006319642067,
      0.018343420699238777,
      0.01829374209046364,
      0.018207164481282234,
      0.01817973144352436,
      0.018118757754564285,
      0.018043627962470055,
      0.017877450212836266,
      0.017756789922714233,
      0.01771511696279049,
      0.01778263971209526,
      0.01775769516825676,
      0.017504878342151642,
      0.016994813457131386,
      0.01644609495997429,
      0.016063211485743523,
      0.015909401699900627,
      0.01583431288599968,
      0.01567683555185795,
      0.015400630421936512,
      0.015121866948902607,
      0.014954631216824055,
      0.014883558265864849,
      0.014746013097465038,
      0.01435346994549036,
      0.013625669293105602,
      0.012639529071748257,
      0.01156529225409031,
      0.010568768717348576,
      0.009755142033100128,
      0.009171370416879654,
      0.008835424669086933,
      0.008761607110500336
    ],
    "y_index": 24,
    "z_index": 24
  },
  "final_flux_imbalance_rel": 0.6523567810324484,
  "final_outlet_reflection_proxy": {
    "fluid_cell_count": 2116,
    "negative_ux_fraction": 0.166351606805293,
    "proxy_name": "outlet_near_plane_ux_density_variation",
    "rho_peak_to_peak": 0.0018970966339111328,
    "rho_std": 0.0005053062630906408,
    "ux_std": 0.006094404635342546,
    "x_index": 46
  },
  "geometry_mode": "duct_only",
  "name": "duct_only_48_regularized_plane_flux_controlled_gain0p25_cap0p005_rho0p001_alpha0p02_du0p0005_slew0p50_offset1_guard_off_min0p60_250step_triage"
}
