step,rho_min,rho_max,rho_mean,mass_total,mass_total_delta_from_initial,mass_total_delta_rel
0,1.0,1.0,1.0,128.0,0.0,0.0
5,1.0,1.002,1.0010000000000001,128.12800000000001,0.12800000000001432,0.001000000000000112
