step,total_mpm_substeps,coupling_mode,rho_min,rho_max,lbm_max_v,fluid_mean_ux,projection_zone_fluid_mean_ux,far_field_fluid_mean_ux,solid_mean_vx_norm,mpm_min_J,mpm_max_speed,projected_mass,active_cell_count,cell_force_max_norm,hydro_force_max_norm,bb_link_count,bb_max_correction,active_reaction_particle_count,max_grid_reaction_norm,elapsed_seconds
0,0,moving_boundary,1.0,1.0,0.0,0.0,0.0,0.0,0.026045124977827072,1.0,0.02604166604578495,0.0,0,0.0,0.0,0,0.0,0,0.0,4.410324900003616
20,200,moving_boundary,0.9897503852844238,1.0139952898025513,0.009996211156249046,0.0002006172144319862,0.00037514750147238374,0.00015296178753487766,0.04027985408902168,0.992804229259491,0.06120705604553223,0.02699999511241913,4913,0.0,0.41100355982780457,5964,0.0029673499520868063,8622,4.147972504142672e-06,91.67091839999193
