{
  "centerline_profile_x": {
    "axis": "x",
    "source": [
      "centerline",
      "centerline",
      "centerline",
      "centerline",
      "centerline",
      "centerline",
      "centerline",
      "centerline",
      "centerline",
      "centerline",
      "centerline",
      "centerline",
      "centerline",
      "centerline",
      "centerline",
      "centerline",
      "centerline",
      "centerline",
      "centerline",
      "centerline",
      "centerline",
      "centerline",
      "centerline",
      "centerline",
      "centerline",
      "centerline",
      "centerline",
      "centerline",
      "centerline",
      "centerline",
      "centerline",
      "centerline",
      "centerline",
      "centerline",
      "centerline",
      "centerline",
      "centerline",
      "centerline",
      "centerline",
      "centerline",
      "centerline",
      "centerline",
      "centerline",
      "centerline",
      "centerline",
      "centerline",
      "centerline",
      "centerline"
    ],
    "ux": [
      0.02000427059829235,
      0.019796278327703476,
      0.019604524597525597,
      0.019446633756160736,
      0.019328683614730835,
      0.019251106306910515,
      0.019206253811717033,
      0.01917952299118042,
      0.019147029146552086,
      0.019099609926342964,
      0.019030962139368057,
      0.018972698599100113,
      0.018928544595837593,
      0.018930969759821892,
      0.018928220495581627,
      0.01892719976603985,
      0.018857121467590332,
      0.018790125846862793,
      0.018700018525123596,
      0.01866966113448143,
      0.018595684319734573,
      0.018499722704291344,
      0.018322709947824478,
      0.01821579597890377,
      0.018199490383267403,
      0.018283408135175705,
      0.01825166493654251,
      0.017989465966820717,
      0.017490116879343987,
      0.016986731439828873,
      0.016669195145368576,
      0.016586067155003548,
      0.016576005145907402,
      0.016479438170790672,
      0.01625940017402172,
      0.01603342778980732,
      0.015922201797366142,
      0.01592845283448696,
      0.015906058251857758,
      0.015663890168070793,
      0.015090325847268105,
      0.014216973446309566,
      0.013180749490857124,
      0.012142440304160118,
      0.011227292940020561,
      0.01051228679716587,
      0.010041678324341774,
      0.00984648335725069
    ],
    "y_index": 24,
    "z_index": 24
  },
  "final_flux_imbalance_rel": 0.6123331129550219,
  "final_outlet_reflection_proxy": {
    "fluid_cell_count": 2116,
    "negative_ux_fraction": 0.166351606805293,
    "proxy_name": "outlet_near_plane_ux_density_variation",
    "rho_peak_to_peak": 0.00223696231842041,
    "rho_std": 0.0005783552884636521,
    "ux_std": 0.006706980083635821,
    "x_index": 46
  },
  "geometry_mode": "duct_only",
  "name": "duct_only_48_regularized_plane_flux_controlled_gain0p25_cap0p005_rho0p001_alpha0p01_du0p0005_slew0p50_offset1_guard_on_min0p70_250step_triage"
}
