{
  "coupling_time": 0.5808942998992279,
  "diagnostics_time": 1.9999936000676826,
  "export_time": 2.00001522898674e-06,
  "init_time": 37.8169844999793,
  "lbm_step_time": 4.741900800145231,
  "mode": "moving_boundary",
  "mpm_substep_time": 4.0537446001544595,
  "projection_time": 0.757038599869702,
  "total_time": 49.95441679999931
}
