{
  "centerline_profile_x": {
    "axis": "x",
    "source": [
      "centerline",
      "centerline",
      "centerline",
      "centerline",
      "centerline",
      "centerline",
      "centerline",
      "centerline",
      "centerline",
      "centerline",
      "centerline",
      "centerline",
      "centerline",
      "centerline",
      "centerline",
      "centerline",
      "centerline",
      "centerline",
      "centerline",
      "centerline",
      "centerline",
      "centerline",
      "centerline",
      "centerline",
      "centerline",
      "centerline",
      "centerline",
      "centerline",
      "centerline",
      "centerline",
      "centerline",
      "centerline",
      "centerline",
      "centerline",
      "centerline",
      "centerline",
      "centerline",
      "centerline",
      "centerline",
      "centerline",
      "centerline",
      "centerline",
      "centerline",
      "centerline",
      "centerline",
      "centerline",
      "centerline",
      "centerline"
    ],
    "ux": [
      0.01996343955397606,
      0.019471557810902596,
      0.01902204006910324,
      0.018624134361743927,
      0.018286678940057755,
      0.018018826842308044,
      0.017819615080952644,
      0.01766885258257389,
      0.017530914396047592,
      0.017377091571688652,
      0.017203595489263535,
      0.017034167423844337,
      0.016895173117518425,
      0.016794318333268166,
      0.01671338453888893,
      0.016630468890070915,
      0.01653595268726349,
      0.01643814705312252,
      0.016347365453839302,
      0.01626923494040966,
      0.016203036531805992,
      0.01614908128976822,
      0.016107948496937752,
      0.016079312190413475,
      0.016060596331954002,
      0.016049502417445183,
      0.016046583652496338,
      0.01605669967830181,
      0.01608641818165779,
      0.016140157356858253,
      0.01621745154261589,
      0.016314731910824776,
      0.016428396105766296,
      0.016558300703763962,
      0.016707226634025574,
      0.016878211870789528,
      0.017071695998311043,
      0.01728512905538082,
      0.017514437437057495,
      0.017756829038262367,
      0.01801236905157566,
      0.018282348290085793,
      0.01856653019785881,
      0.018860075622797012,
      0.019152415916323662,
      0.019429132342338562,
      0.019675683230161667,
      0.01988230273127556
    ],
    "y_index": 24,
    "z_index": 24
  },
  "final_flux_imbalance_rel": 0.12846874691497526,
  "final_outlet_reflection_proxy": {
    "fluid_cell_count": 2116,
    "negative_ux_fraction": 0.005671077504725898,
    "proxy_name": "outlet_near_plane_ux_density_variation",
    "rho_peak_to_peak": 0.0002275705337524414,
    "rho_std": 4.25236187195407e-05,
    "ux_std": 0.0057011150160257255,
    "x_index": 46
  },
  "geometry_mode": "duct_only",
  "name": "duct_only_48_regularized_plane_flux_controlled_gain0p75_cap0p0075_rho0p0010_mndisabled_mgainoff_mcap0_blend0p00_out5_250step_mass_neutral_design"
}
