{
  "coupling_time": 1.5724496999755502,
  "diagnostics_time": 4.653256500023417,
  "export_time": 1.400010660290718e-06,
  "init_time": 89.64968500001123,
  "lbm_step_time": 55.0499540999881,
  "mode": "moving_boundary",
  "mpm_substep_time": 52.743463100050576,
  "projection_time": 6.195963200065307,
  "total_time": 209.86910940002417
}
