{
  "anomaly_cell": [
    47,
    40,
    7
  ],
  "f_shape": [
    48,
    48,
    48,
    19
  ],
  "field_stats": {
    "F_min": 0.02537994459271431,
    "f_min": 0.02537994459271431,
    "max_v": 0.02533191256225109,
    "rho_max": 1.01149582862854,
    "rho_min": 0.9999479651451111
  },
  "local_window": {
    "bounds": [
      [
        46,
        48
      ],
      [
        39,
        42
      ],
      [
        6,
        9
      ]
    ],
    "max_v": 0.018728,
    "rho_max": 1.0114776,
    "rho_min": 1.0107088
  },
  "raw_arrays_committed_to_git": false,
  "reason": "final",
  "rho_shape": [
    48,
    48,
    48
  ],
  "runtime_npz_path": "D:\\working\\squid robot\\LBM\\MPM-LBM\\outputs\\tmp\\step120_failure_snapshots\\duct_only_48_regularized_plane_flux_controlled_gain1p00_cap0p0100_rho0p001_alpha0p02_du0p0005_slew0p50_offset2_guard_on_min0p70_ramp85_target0p85_out5_250step_high_authority\\snapshot_step_000250_final.npz",
  "snapshot_payload_omitted_from_git": true,
  "step": 250
}
