{
  "centerline_profile_x": {
    "axis": "x",
    "source": [
      "centerline",
      "centerline",
      "centerline",
      "centerline",
      "centerline",
      "centerline",
      "centerline",
      "centerline",
      "centerline",
      "centerline",
      "centerline",
      "centerline",
      "centerline",
      "centerline",
      "centerline",
      "centerline",
      "centerline",
      "centerline",
      "centerline",
      "centerline",
      "centerline",
      "centerline",
      "centerline",
      "centerline",
      "centerline",
      "centerline",
      "centerline",
      "centerline",
      "centerline",
      "centerline",
      "centerline",
      "centerline",
      "centerline",
      "centerline",
      "centerline",
      "centerline",
      "centerline",
      "centerline",
      "centerline",
      "centerline",
      "centerline",
      "centerline",
      "centerline",
      "centerline",
      "centerline",
      "centerline",
      "centerline",
      "centerline"
    ],
    "ux": [
      0.019977005198597908,
      0.019763879477977753,
      0.01958032324910164,
      0.0194070003926754,
      0.01921781525015831,
      0.018997326493263245,
      0.0187522042542696,
      0.018507834523916245,
      0.018293730914592743,
      0.018121615052223206,
      0.017977915704250336,
      0.017831765115261078,
      0.017662793397903442,
      0.01747632771730423,
      0.017301345244050026,
      0.0171627439558506,
      0.01706322468817234,
      0.01698334887623787,
      0.016903791576623917,
      0.016819294542074203,
      0.016738103702664375,
      0.01666935905814171,
      0.01661640964448452,
      0.016577763482928276,
      0.016551025211811066,
      0.016534604132175446,
      0.016529353335499763,
      0.01653927005827427,
      0.01656898856163025,
      0.016621552407741547,
      0.016696784645318985,
      0.01679174043238163,
      0.016903938725590706,
      0.01703358255326748,
      0.017183849588036537,
      0.017358168959617615,
      0.017557617276906967,
      0.01777968369424343,
      0.01801958680152893,
      0.01827305182814598,
      0.018537750467658043,
      0.01881299540400505,
      0.01909720152616501,
      0.019385727122426033,
      0.01966908946633339,
      0.01993456296622753,
      0.020169325172901154,
      0.020364606752991676
    ],
    "y_index": 24,
    "z_index": 24
  },
  "final_flux_imbalance_rel": 0.10445236782735434,
  "final_outlet_reflection_proxy": {
    "fluid_cell_count": 2116,
    "negative_ux_fraction": 0.005671077504725898,
    "proxy_name": "outlet_near_plane_ux_density_variation",
    "rho_peak_to_peak": 0.00021278858184814453,
    "rho_std": 3.960480190638544e-05,
    "ux_std": 0.005749141490398477,
    "x_index": 46
  },
  "geometry_mode": "duct_only",
  "name": "duct_only_48_regularized_plane_flux_controlled_gain0p75_cap0p0075_rho0p001_alpha0p02_du0p0005_slew0p50_offset2_guard_on_min0p70_ramp90_target0p80_out5_250step_high_authority"
}
