{
  "candidate_mass_acceptance_abs_max": 0.005,
  "candidate_mass_acceptance_gate_pass": true,
  "candidate_mass_acceptance_observed_abs": 0.003740052692592144,
  "checkpoint_available": false,
  "code_commit_at_run": "4e358d43ac86a5e520b82838f4f2e1a218ca3ef9",
  "config_hash": "f00cf0af48fcb43d9aa6b9e9554788e2ed342784399669e088e96a806df51bf1",
  "density_gate_pass": true,
  "executed_nx": 8,
  "final_diagnostics": {
    "all_finite": true,
    "centerline_ux_profile": {
      "axis": "x",
      "source": [
        "centerline",
        "centerline",
        "centerline",
        "centerline",
        "centerline",
        "centerline",
        "centerline",
        "centerline"
      ],
      "ux": [
        0.013753660023212433,
        0.003905288875102997,
        0.0,
        0.0,
        0.0,
        0.0,
        7.450581485102248e-09,
        2.5485362129984424e-05
      ],
      "y_index": 3,
      "z_index": 3
    },
    "controller_authority_ratio": 0.025499983166810125,
    "controller_filtered_flux_error": 0.003263997845351696,
    "controller_measured_outlet_flux": 2.384185791015625e-07,
    "controller_raw_flux_error": 0.16319990158081055,
    "controller_saturation_count_run": 0,
    "controller_saturation_count_step": 0,
    "controller_saturation_fraction_run": 0.0,
    "controller_target_outlet_flux": 0.16320013999938965,
    "controller_u_feedback": 5.099996633362025e-05,
    "controller_u_feedback_abs": 5.099996633362025e-05,
    "correction_delta_abs_sum": 0.0040799956768751144,
    "correction_delta_abs_sum_run": 0.0040799956768751144,
    "correction_gain_effective": 0.25,
    "flow_correction_cap_u": 0.002,
    "fluid_cell_count": 128,
    "flux_balance_reported": true,
    "flux_imbalance_abs": 0.20461212582360563,
    "flux_imbalance_rel": 0.9980116681898122,
    "inlet_flux": 0.20501977316029774,
    "inlet_mean_ux": 0.012480755394790322,
    "lbm_open_boundary_semantics": "regularized_plane_flux_controlled_pressure_outlet",
    "mach_proxy_observed": 0.023822037950233917,
    "mass_total": 128.4787267446518,
    "mass_total_delta_from_initial": 0.47872674465179443,
    "mass_total_delta_rel": 0.003740052692592144,
    "max_v": 0.013753660023213031,
    "midplane_flux": 0.0,
    "midplane_mean_ux": 0.0,
    "outlet_flux": 0.0004076473366921053,
    "outlet_flux_after_correction": 0.0004076473366921053,
    "outlet_flux_error": 0.20461212582360563,
    "outlet_flux_error_filtered": 0.003263997845351696,
    "outlet_flux_raw_before_correction": 0.0004076473366921053,
    "outlet_mean_ux": 2.547861004131846e-05,
    "outlet_plane_negative_ux_fraction": 0.0,
    "outlet_plane_ux_max": 2.5485362129984424e-05,
    "outlet_plane_ux_mean": 2.547861004131846e-05,
    "outlet_plane_ux_min": 2.5472323613939807e-05,
    "outlet_reflection_proxy": {
      "fluid_cell_count": 16,
      "negative_ux_fraction": 0.0,
      "proxy_name": "outlet_near_plane_ux_density_variation",
      "rho_peak_to_peak": 0.0,
      "rho_std": 0.0,
      "ux_std": 2.0694443019059904e-09,
      "x_index": 6
    },
    "rho_max": 1.026679515838623,
    "rho_mean": 1.0037400526925921,
    "rho_min": 0.9999744296073914,
    "rho_std": 0.00873770688819601,
    "row_role": "plane_flux_control_candidate_48",
    "sampled_x_profile_flux": "0:0.20501977316;4:0;7:0.000407647336692",
    "selected96_claim_allowed": false,
    "step": 2,
    "step132_authority_sweep_candidate": true,
    "target_outlet_flux": 0.20501977316029774,
    "validation_claim_allowed": false
  },
  "finite_pass": true,
  "first_failure_detector": {
    "all_records_finite": true,
    "first_failure_reason": null,
    "first_failure_step": null,
    "first_high_density_step": null,
    "first_mass_drift_step": null,
    "first_max_v_step": null,
    "first_negative_density_step": null,
    "first_nonfinite_step": null,
    "record_count": 3
  },
  "first_failure_reason": null,
  "first_failure_step": null,
  "flow_correction_delta_abs_sum": 0.0040799956768751144,
  "flow_development_gate_pass": false,
  "flow_outlet_flux_error_filtered": 0.003263997845351696,
  "flux_balance_reported": true,
  "flux_imbalance_rel_final": 0.9980116681898122,
  "flux_imbalance_rel_tail_max": 0.9980116681898122,
  "flux_imbalance_rel_tail_mean": 0.9980116681898122,
  "geometry_mode": "duct_only",
  "hard_stop_failure_reason": null,
  "hard_stop_failure_step": null,
  "hard_stop_mass_drift_abs_max": 0.05,
  "hard_stop_mass_drift_gate_pass": true,
  "hard_stop_mass_drift_observed_abs": 0.003740052692592144,
  "inlet_flux_tail_mean": 0.20501977316029774,
  "inlet_u_lbm": 0.02,
  "lbm_niu": 0.1,
  "lbm_open_boundary_semantics": "regularized_plane_flux_controlled_pressure_outlet",
  "lbm_relaxation_semantics": "legacy_external_solver_relaxation_parameter",
  "lbm_viscosity_semantics": "legacy_external",
  "limiter_activation_count": 0,
  "limiter_activation_denominator": 0,
  "limiter_activation_fraction": 0.0,
  "limiter_activation_gate_pass": true,
  "limiter_activation_summary": {
    "flow_correction_delta_abs_sum": 0.0040799956768751144,
    "flow_correction_delta_abs_sum_step": 0.0040799956768751144,
    "flow_correction_gain_effective": 0.25,
    "flow_outlet_flux_error_filtered": 0.003263997845351696,
    "limiter_activation_count": 0,
    "limiter_activation_denominator": 0,
    "limiter_activation_fraction": 0.0,
    "limiter_activation_fraction_limit": 0.05,
    "limiter_counter_source": "actual_open_boundary_kernel_counters",
    "mass_balance_correction_abs_sum": 0.0040799956768751144,
    "mass_balance_correction_abs_sum_step": 0.0040799956768751144,
    "mass_balance_correction_count": 160,
    "mass_balance_correction_count_step": 80,
    "noneq_clip_count": 0,
    "noneq_limiter_used": false,
    "open_boundary_limiter_enabled": false,
    "population_floor_count": 0,
    "population_floor_used": false,
    "reconstructed_population_count": 0,
    "rho_clip_count": 0,
    "rho_clip_used": false,
    "step": 120,
    "unknown_population_delta_abs_sum": 0.0004080533981323242,
    "unknown_population_delta_abs_sum_step": 0.0004080533981323242,
    "validation_blocked_by_limiter_activation": false,
    "validation_claim_allowed": false,
    "velocity_clip_count": 0,
    "velocity_clip_used": false
  },
  "limiter_counter_source": "actual_open_boundary_kernel_counters",
  "mach_gate_pass": true,
  "mach_proxy_observed_max": 0.023822037950233917,
  "mass_balance_correction_abs_sum": 0.0040799956768751144,
  "mass_balance_correction_count": 160,
  "mass_drift_gate_pass": true,
  "mass_source_sink_by_step": {
    "mass_drift_abs_max": 0.0037404298782348633,
    "mass_drift_delta_final": 0.0037404298782348633,
    "mass_drift_final": 0.0037404298782348633,
    "mass_drift_initial": 0.0,
    "record_count": 3
  },
  "mass_total_delta_rel_final": 0.003740052692592144,
  "midplane_to_inlet_flux_ratio_tail_mean": 0.0,
  "name": "tiny_step132_plane_flux_authority_smoke",
  "not_used_for_validation": false,
  "open_boundary_convective_blend_weight": 0.02,
  "open_boundary_flux_correction_cap_u": 0.002,
  "open_boundary_flux_feedback_gain_rho": 0.0,
  "open_boundary_flux_feedback_gain_u": 0.25,
  "open_boundary_flux_filter_alpha": 0.02,
  "open_boundary_limiter_enabled": false,
  "open_boundary_noneq_cap": 0.05,
  "open_boundary_population_floor": null,
  "open_boundary_rho_max": 1.2,
  "open_boundary_rho_min": 0.8,
  "open_boundary_u_max": 0.1,
  "outlet_flux_tail_cv": 0.0,
  "outlet_flux_tail_mean": 0.0004076473366921053,
  "outlet_rho": 1.0,
  "outlet_to_inlet_flux_ratio_tail_mean": 0.001988331810187792,
  "population_gate_pass": true,
  "population_stats_final": {
    "F_max": 0.339612752199173,
    "F_min": 0.027773527428507805,
    "f_max": 0.339612752199173,
    "f_min": 0.027773527428507805,
    "negative_population_count": 0,
    "negative_population_fraction": 0.0
  },
  "requested_n_steps": 2,
  "requested_nx": 8,
  "requested_window_completed": true,
  "restored_checkpoint": null,