{
  "artifact": "flow_development_diagnostics",
  "bounded_size_artifact": true,
  "controller_authority_ratio_tail_max": 0.025499983166810125,
  "controller_authority_ratio_tail_mean": 0.025499983166810125,
  "controller_filtered_flux_error_tail_mean": 0.003263997845351696,
  "controller_measured_outlet_flux_tail_mean": 2.384185791015625e-07,
  "controller_raw_flux_error_tail_mean": 0.16319990158081055,
  "controller_saturation_fraction_tail": 0.0,
  "controller_tail_record_count": 1,
  "controller_target_outlet_flux_tail_mean": 0.16320013999938965,
  "controller_u_feedback_tail_abs_max": 5.099996633362025e-05,
  "controller_u_feedback_tail_mean": 5.099996633362025e-05,
  "controller_u_feedback_tail_std": 0.0,
  "final": {
    "controller_authority_ratio": 0.025499983166810125,
    "controller_filtered_flux_error": 0.003263997845351696,
    "controller_measured_outlet_flux": 2.384185791015625e-07,
    "controller_raw_flux_error": 0.16319990158081055,
    "controller_saturation_count_run": 0,
    "controller_saturation_count_step": 0,
    "controller_saturation_fraction_run": 0.0,
    "controller_target_outlet_flux": 0.16320013999938965,
    "controller_u_feedback": 5.099996633362025e-05,
    "controller_u_feedback_abs": 5.099996633362025e-05,
    "correction_delta_abs_sum": 0.0040799956768751144,
    "correction_delta_abs_sum_run": 0.0040799956768751144,
    "correction_gain_effective": 0.25,
    "flow_correction_cap_u": 0.002,
    "lbm_open_boundary_semantics": "regularized_plane_flux_controlled_pressure_outlet",
    "mass_total_delta_rel": 0.003740052692592144,
    "midplane_flux": 0.0,
    "outlet_flux_after_correction": 0.0004076473366921053,
    "outlet_flux_error": 0.20461212582360563,
    "outlet_flux_error_filtered": 0.003263997845351696,
    "outlet_flux_raw_before_correction": 0.0004076473366921053,
    "outlet_plane_negative_ux_fraction": 0.0,
    "outlet_plane_ux_max": 2.5485362129984424e-05,
    "outlet_plane_ux_mean": 2.547861004131846e-05,
    "outlet_plane_ux_min": 2.5472323613939807e-05,
    "row_role": "plane_flux_control_candidate_48",
    "sampled_x_profile_flux": "0:0.20501977316;4:0;7:0.000407647336692",
    "selected96_claim_allowed": false,
    "step": 2,
    "step132_authority_sweep_candidate": true,
    "target_outlet_flux": 0.20501977316029774,
    "validation_claim_allowed": false
  },
  "row_count": 3,
  "selected96_claim_allowed": false,
  "step": 132,
  "validation_claim_allowed": false
}
