step,diagnostic_mode,rho_min,rho_max,max_v,f_min,f_max,F_min,F_max,negative_population_count,negative_population_fraction,population_entry_count,fluid_cell_count,mass_total,mass_total_delta_rel,boundary_x_min_negative_population_count,boundary_x_max_negative_population_count,stability_all_finite
0,lightweight_reduction,1.0,1.0,0.0,0.02777777798473835,0.3333333432674408,0.02777777798473835,0.3333333432674408,0,0.0,4864,128,128.0,0.0,0,0,True
1,lightweight_reduction,0.9999998807907104,1.0101999044418335,0.01009702030569315,0.02777777425944805,0.3333333134651184,0.02777777425944805,0.3333333134651184,0,0.0,4864,128,128.16319274902344,0.0012749433517456055,0,0,True
2,lightweight_reduction,0.9999744296073914,1.026679515838623,0.013753660023212433,0.027773527428507805,0.339612752199173,0.027773527428507805,0.339612752199173,0,0.0,4864,128,128.47877502441406,0.0037404298782348633,0,0,True
