{
  "artifact": "flow_development_diagnostics",
  "bounded_size_artifact": true,
  "controller_authority_ratio_tail_max": 0.8054664940573275,
  "controller_authority_ratio_tail_mean": 0.6114913655134538,
  "controller_filtered_flux_error_tail_mean": -25.87831433614095,
  "controller_measured_outlet_flux_tail_mean": 55.74700927734375,
  "controller_raw_flux_error_tail_mean": -16.04422124226888,
  "controller_saturation_fraction_tail": 0.0,
  "controller_tail_record_count": 3,
  "controller_target_outlet_flux_tail_mean": 39.70278803507487,
  "controller_u_feedback_tail_abs_max": 0.001610932988114655,
  "controller_u_feedback_tail_mean": -0.0012229827310269077,
  "controller_u_feedback_tail_std": 0.0002762247388343857,
  "final": {
    "controller_authority_ratio": 0.49468519864603877,
    "controller_filtered_flux_error": -20.935077667236328,
    "controller_measured_outlet_flux": 70.62049865722656,
    "controller_raw_flux_error": -31.299579620361328,
    "controller_saturation_count_run": 0,
    "controller_saturation_count_step": 0,
    "controller_saturation_fraction_run": 0.0,
    "controller_target_outlet_flux": 39.320919036865234,
    "controller_u_feedback": -0.0009893703972920775,
    "controller_u_feedback_abs": 0.0009893703972920775,
    "correction_delta_abs_sum": 10.478458404541016,
    "correction_delta_abs_sum_run": 3001.454833984375,
    "correction_gain_effective": 0.10000000149011612,
    "flow_correction_cap_u": 0.002,
    "lbm_open_boundary_semantics": "convective_plane_flux_controlled_damped_outlet",
    "mass_total_delta_rel": -0.02197742027071526,
    "midplane_flux": -5.693672591781067,
    "outlet_flux_after_correction": 71.49595495689933,
    "outlet_flux_error": -32.08514917013842,
    "outlet_flux_error_filtered": -20.935077667236328,
    "outlet_flux_raw_before_correction": 71.49595495689933,
    "outlet_plane_negative_ux_fraction": 0.0,
    "outlet_plane_ux_max": 0.03858150169253349,
    "outlet_plane_ux_mean": 0.0336058162798003,
    "outlet_plane_ux_min": 0.005805497989058495,
    "row_role": "plane_flux_control_candidate_48",
    "sampled_x_profile_flux": "0:39.4108057868;24:-5.69367259178;47:71.4959549569",
    "selected96_claim_allowed": false,
    "step": 250,
    "step132_authority_sweep_candidate": true,
    "target_outlet_flux": 39.4108057867609,
    "validation_claim_allowed": false
  },
  "row_count": 11,
  "selected96_claim_allowed": false,
  "step": 132,
  "validation_claim_allowed": false
}
