{
  "centerline_profile_x": {
    "axis": "x",
    "source": [
      "centerline",
      "centerline",
      "centerline",
      "centerline",
      "centerline",
      "centerline",
      "centerline",
      "centerline",
      "centerline",
      "centerline",
      "centerline",
      "centerline",
      "centerline",
      "centerline",
      "centerline",
      "centerline",
      "centerline",
      "centerline",
      "centerline",
      "centerline",
      "centerline",
      "centerline",
      "centerline",
      "centerline",
      "centerline",
      "centerline",
      "centerline",
      "centerline",
      "centerline",
      "centerline",
      "centerline",
      "centerline",
      "centerline",
      "centerline",
      "centerline",
      "centerline",
      "centerline",
      "centerline",
      "centerline",
      "centerline",
      "centerline",
      "centerline",
      "centerline",
      "centerline",
      "centerline",
      "centerline",
      "centerline",
      "centerline"
    ],
    "ux": [
      0.01994580402970314,
      0.017757993191480637,
      0.015677494928240776,
      0.013707774691283703,
      0.011845185421407223,
      0.010089173913002014,
      0.008440831676125526,
      0.006904291454702616,
      0.005482983775436878,
      0.00418507494032383,
      0.0030104746110737324,
      0.0019690992776304483,
      0.0010512692388147116,
      0.00027476914692670107,
      -0.0003772542404476553,
      -0.0008689257665537298,
      -0.001228572684340179,
      -0.001410282333381474,
      -0.0014703889610245824,
      -0.0013622131664305925,
      -0.0011571188224479556,
      -0.0007836652803234756,
      -0.0002975435054395348,
      0.00037875742418691516,
      0.0011643152683973312,
      0.0020851173903793097,
      0.0030464197043329477,
      0.00409073568880558,
      0.005205916240811348,
      0.006479524541646242,
      0.007908984087407589,
      0.009494807571172714,
      0.011152359656989574,
      0.012829562649130821,
      0.014491450972855091,
      0.016173668205738068,
      0.017920125275850296,
      0.019757695496082306,
      0.021651165559887886,
      0.023525988683104515,
      0.025307798758149147,
      0.02697642892599106,
      0.028580809012055397,
      0.030215978622436523,
      0.03196876868605614,
      0.03386729583144188,
      0.035855457186698914,
      0.03780809044837952
    ],
    "y_index": 24,
    "z_index": 24
  },
  "final_flux_imbalance_rel": 0.44876873369242576,
  "final_outlet_reflection_proxy": {
    "fluid_cell_count": 2116,
    "negative_ux_fraction": 0.0,
    "proxy_name": "outlet_near_plane_ux_density_variation",
    "rho_peak_to_peak": 0.0073163509368896484,
    "rho_std": 0.0016561365923924017,
    "ux_std": 0.008214417402098596,
    "x_index": 46
  },
  "geometry_mode": "duct_only",
  "name": "duct_only_48_convective_plane_flux_controlled_damped_gain0p10_cap0p002_250step_triage"
}
