{
  "centerline_profile_x": {
    "axis": "x",
    "source": [
      "centerline",
      "centerline",
      "centerline",
      "centerline",
      "centerline",
      "centerline",
      "centerline",
      "centerline",
      "centerline",
      "centerline",
      "centerline",
      "centerline",
      "centerline",
      "centerline",
      "centerline",
      "centerline",
      "centerline",
      "centerline",
      "centerline",
      "centerline",
      "centerline",
      "centerline",
      "centerline",
      "centerline",
      "centerline",
      "centerline",
      "centerline",
      "centerline",
      "centerline",
      "centerline",
      "centerline",
      "centerline",
      "centerline",
      "centerline",
      "centerline",
      "centerline",
      "centerline",
      "centerline",
      "centerline",
      "centerline",
      "centerline",
      "centerline",
      "centerline",
      "centerline",
      "centerline",
      "centerline",
      "centerline",
      "centerline"
    ],
    "ux": [
      0.019963357597589493,
      0.019468586891889572,
      0.019016042351722717,
      0.01861513964831829,
      0.018274683505296707,
      0.01800372451543808,
      0.017801091074943542,
      0.017646510154008865,
      0.017504435032606125,
      0.017346413806080818,
      0.01716863550245762,
      0.016995297744870186,
      0.016852663829922676,
      0.016748594120144844,
      0.016664516180753708,
      0.01657869480550289,
      0.016481542959809303,
      0.01638154126703739,
      0.016288984566926956,
      0.016209378838539124,
      0.016142189502716064,
      0.016087692230939865,
      0.016046496108174324,
      0.01601836271584034,
      0.016000602394342422,
      0.015990832820534706,
      0.015989692881703377,
      0.01600225828588009,
      0.0160350538790226,
      0.01609237678349018,
      0.016173746436834335,
      0.016275474801659584,
      0.01639421284198761,
      0.016529647633433342,
      0.016684742644429207,
      0.016862263903021812,
      0.01706288754940033,
      0.017283687368035316,
      0.017520904541015625,
      0.017771698534488678,
      0.01803647167980671,
      0.018316492438316345,
      0.01861138828098774,
      0.01891610026359558,
      0.019220074638724327,
      0.01950852759182453,
      0.019766783341765404,
      0.01998506300151348
    ],
    "y_index": 24,
    "z_index": 24
  },
  "final_flux_imbalance_rel": 0.12524979106761758,
  "final_outlet_reflection_proxy": {
    "fluid_cell_count": 2116,
    "negative_ux_fraction": 0.005671077504725898,
    "proxy_name": "outlet_near_plane_ux_density_variation",
    "rho_peak_to_peak": 0.00023436546325683594,
    "rho_std": 4.4015620441285884e-05,
    "ux_std": 0.005777513589135431,
    "x_index": 46
  },
  "geometry_mode": "duct_only",
  "name": "duct_only_48_regularized_plane_flux_controlled_gain0p75_cap0p0075_rho0p001_alpha0p02_du0p0005_slew0p50_offset2_guard_on_min0p70_ramp85_target0p85_out5_250step_high_authority"
}
