{
  "centerline_profile_x": {
    "axis": "x",
    "source": [
      "centerline",
      "centerline",
      "centerline",
      "centerline",
      "centerline",
      "centerline",
      "centerline",
      "centerline",
      "centerline",
      "centerline",
      "centerline",
      "centerline",
      "centerline",
      "centerline",
      "centerline",
      "centerline",
      "centerline",
      "centerline",
      "centerline",
      "centerline",
      "centerline",
      "centerline",
      "centerline",
      "centerline",
      "centerline",
      "centerline",
      "centerline",
      "centerline",
      "centerline",
      "centerline",
      "centerline",
      "centerline",
      "centerline",
      "centerline",
      "centerline",
      "centerline",
      "centerline",
      "centerline",
      "centerline",
      "centerline",
      "centerline",
      "centerline",
      "centerline",
      "centerline",
      "centerline",
      "centerline",
      "centerline",
      "centerline"
    ],
    "ux": [
      0.020000003278255463,
      0.019518760964274406,
      0.019602959975600243,
      0.019715748727321625,
      0.01985703594982624,
      0.020026227459311485,
      0.020222526043653488,
      0.020443977788090706,
      0.02068690024316311,
      0.020945943892002106,
      0.021214192733168602,
      0.02148539572954178,
      0.021751999855041504,
      0.022010184824466705,
      0.022253353148698807,
      0.022482387721538544,
      0.022690119221806526,
      0.02288414165377617,
      0.023052887991070747,
      0.02321292832493782,
      0.023343702778220177,
      0.023474756628274918,
      0.02357078157365322,
      0.02367926947772503,
      0.023745262995362282,
      0.023837771266698837,
      0.023878879845142365,
      0.023960888385772705,
      0.023982608690857887,
      0.02405775524675846,
      0.024065911769866943,
      0.024136198684573174,
      0.024136781692504883,
      0.02420312911272049,
      0.024201827123761177,
      0.024264639243483543,
      0.024266637861728668,
      0.024327168241143227,
      0.02433708868920803,
      0.024397248402237892,
      0.024418944492936134,
      0.02448166348040104,
      0.02451811358332634,
      0.02458696998655796,
      0.024640263989567757,
      0.02471844106912613,
      0.024789700284600258,
      0.024790696799755096
    ],
    "y_index": 24,
    "z_index": 24
  },
  "final_flux_imbalance_rel": 0.023743154482287754,
  "final_outlet_reflection_proxy": {
    "fluid_cell_count": 2116,
    "negative_ux_fraction": 0.0,
    "proxy_name": "outlet_near_plane_ux_density_variation",
    "rho_peak_to_peak": 0.000431060791015625,
    "rho_std": 9.605662656300279e-05,
    "ux_std": 0.006329838082344826,
    "x_index": 46
  },
  "geometry_mode": "duct_only",
  "name": "duct_only_48_legacy_boundary_500step_reference_real"
}
