{
  "centerline_profile_x": {
    "axis": "x",
    "source": [
      "centerline",
      "centerline",
      "centerline",
      "centerline",
      "centerline",
      "centerline",
      "centerline",
      "centerline",
      "centerline",
      "centerline",
      "centerline",
      "centerline",
      "centerline",
      "centerline",
      "centerline",
      "centerline",
      "centerline",
      "centerline",
      "centerline",
      "centerline",
      "centerline",
      "centerline",
      "centerline",
      "centerline",
      "centerline",
      "centerline",
      "centerline",
      "centerline",
      "centerline",
      "centerline",
      "centerline",
      "centerline",
      "centerline",
      "centerline",
      "centerline",
      "centerline",
      "centerline",
      "centerline",
      "centerline",
      "centerline",
      "centerline",
      "centerline",
      "centerline",
      "centerline",
      "centerline",
      "centerline",
      "centerline",
      "centerline"
    ],
    "ux": [
      0.019958490505814552,
      0.01965496875345707,
      0.019383182749152184,
      0.01913958601653576,
      0.01892334222793579,
      0.018738554790616035,
      0.018583830446004868,
      0.01844078116118908,
      0.018275002017617226,
      0.018056124448776245,
      0.01777779497206211,
      0.017464403063058853,
      0.017146514728665352,
      0.01683773472905159,
      0.01652379147708416,
      0.016186730936169624,
      0.015824660658836365,
      0.0154616953805089,
      0.015130392275750637,
      0.014859800226986408,
      0.014663820154964924,
      0.014542068354785442,
      0.014481752179563046,
      0.014468940906226635,
      0.014493445865809917,
      0.014546900987625122,
      0.014620473608374596,
      0.014711431227624416,
      0.014825219288468361,
      0.014964498579502106,
      0.015122446231544018,
      0.015288859605789185,
      0.015458164736628532,
      0.01563354767858982,
      0.0158262737095356,
      0.01604754664003849,
      0.01630035601556301,
      0.01658049412071705,
      0.016881927847862244,
      0.017196958884596825,
      0.01752062328159809,
      0.01785297878086567,
      0.018193399533629417,
      0.018535545095801353,
      0.01886838860809803,
      0.019176023080945015,
      0.019442206248641014,
      0.019656753167510033
    ],
    "y_index": 24,
    "z_index": 24
  },
  "final_flux_imbalance_rel": 0.13516223075531708,
  "final_outlet_reflection_proxy": {
    "fluid_cell_count": 2116,
    "negative_ux_fraction": 0.005671077504725898,
    "proxy_name": "outlet_near_plane_ux_density_variation",
    "rho_peak_to_peak": 0.00026535987854003906,
    "rho_std": 5.117101404758891e-05,
    "ux_std": 0.00571187704360918,
    "x_index": 46
  },
  "geometry_mode": "duct_only",
  "name": "duct_only_48_regularized_plane_flux_controlled_gain0p75_cap0p0075_rho0p0010_mncaptest_mgain0p50_mcap0p0015_blend0p50_slew0p25_out5_250step_satstat"
}
