{
  "artifact": "flow_development_diagnostics",
  "bounded_size_artifact": true,
  "controller_authority_ratio_tail_max": 0.8204140467569232,
  "controller_authority_ratio_tail_mean": 0.6191853511457642,
  "controller_feedback_sign_change_count_tail": 0,
  "controller_filtered_flux_error_tail_mean": -25.993907292683918,
  "controller_measured_outlet_flux_tail_mean": 55.77032725016276,
  "controller_raw_flux_error_tail_mean": -16.085074106852215,
  "controller_saturation_fraction_tail": 0.0,
  "controller_tail_record_count": 3,
  "controller_target_outlet_flux_tail_mean": 39.68525314331055,
  "controller_u_feedback_tail_abs_max": 0.0016408280935138464,
  "controller_u_feedback_tail_mean": -0.0012383707022915285,
  "controller_u_feedback_tail_std": 0.0002878951454905729,
  "density_feedback_tail_abs_max": 1.618947135284543e-05,
  "density_feedback_tail_mean": -1.2284456109531069e-05,
  "final": {
    "controller_authority_ratio": 0.4918948980048299,
    "controller_delta_cap_u": 0.0005,
    "controller_density_feedback": -9.929084626492113e-06,
    "controller_density_feedback_abs": 9.929084626492113e-06,
    "controller_filtered_flux_error": -21.00994110107422,
    "controller_measured_outlet_flux": 70.67424011230469,
    "controller_raw_flux_error": -31.37769317626953,
    "controller_saturation_count_run": 0,
    "controller_saturation_count_step": 0,
    "controller_saturation_fraction_run": 0.0,
    "controller_slew_alpha": 0.5,
    "controller_target_outlet_flux": 39.296546936035156,
    "controller_u_feedback": -0.0009837897960096598,
    "controller_u_feedback_abs": 0.0009837897960096598,
    "correction_delta_abs_sum": 10.525243759155273,
    "correction_delta_abs_sum_run": 3028.503662109375,
    "correction_gain_effective": 0.10000000149011612,
    "flow_correction_cap_u": 0.002,
    "lbm_open_boundary_semantics": "convective_plane_flux_controlled_damped_outlet",
    "mass_total_delta_rel": -0.022125313054974453,
    "midplane_flux": -6.02889278266449,
    "outlet_flux_after_correction": 71.55316204910181,
    "outlet_flux_error": -32.16652948523767,
    "outlet_flux_error_filtered": -21.00994110107422,
    "outlet_flux_raw_before_correction": 71.55316204910181,
    "outlet_plane_negative_ux_fraction": 0.0,
    "outlet_plane_rho_mean": 1.0057336024390726,
    "outlet_plane_rho_std": 0.0014417946728436121,
    "outlet_plane_ux_max": 0.038614314049482346,
    "outlet_plane_ux_mean": 0.03363261217430114,
    "outlet_plane_ux_min": 0.0058182599022984505,
    "row_role": "plane_flux_control_candidate_48",
    "sampled_x_profile_flux": "0:39.3866325639;24:-6.02889278266;47:71.5531620491",
    "selected96_claim_allowed": false,
    "step": 250,
    "step132_authority_sweep_candidate": false,
    "step133_mass_damped_candidate": true,
    "target_outlet_flux": 39.38663256386415,
    "validation_claim_allowed": false
  },
  "mass_drift_tail_mean": -0.0185610181658856,
  "mass_drift_tail_slope": -0.006236608380190065,
  "outlet_flux_tail_slope": 20.626069282138943,
  "rho_outlet_tail_mean": 1.0182004683259605,
  "rho_outlet_tail_std": 0.008815408173429158,
  "row_count": 11,
  "selected96_claim_allowed": false,
  "step": 133,
  "validation_claim_allowed": false
}
