{
  "centerline_profile_x": {
    "axis": "x",
    "source": [
      "centerline",
      "centerline",
      "centerline",
      "centerline",
      "centerline",
      "centerline",
      "centerline",
      "centerline",
      "centerline",
      "centerline",
      "centerline",
      "centerline",
      "centerline",
      "centerline",
      "centerline",
      "centerline",
      "centerline",
      "centerline",
      "centerline",
      "centerline",
      "centerline",
      "centerline",
      "centerline",
      "centerline",
      "centerline",
      "centerline",
      "centerline",
      "centerline",
      "centerline",
      "centerline",
      "centerline",
      "centerline",
      "centerline",
      "centerline",
      "centerline",
      "centerline",
      "centerline",
      "centerline",
      "centerline",
      "centerline",
      "centerline",
      "centerline",
      "centerline",
      "centerline",
      "centerline",
      "centerline",
      "centerline",
      "centerline"
    ],
    "ux": [
      0.019945235922932625,
      0.01774885505437851,
      0.015659848228096962,
      0.013681569136679173,
      0.01181014720350504,
      0.010044967755675316,
      0.008387341164052486,
      0.006841448135674,
      0.005410883575677872,
      0.00410396559163928,
      0.0029206369072198868,
      0.0018707585986703634,
      0.000944846193306148,
      0.0001605731958989054,
      -0.0004985940176993608,
      -0.0009969219099730253,
      -0.0013627291191369295,
      -0.0015498228603973985,
      -0.0016147635178640485,
      -0.0015108386287465692,
      -0.0013092868030071259,
      -0.0009385328739881516,
      -0.00045414656051434577,
      0.0002211649698438123,
      0.0010062293149530888,
      0.0019273858051747084,
      0.0028896539006382227,
      0.003935820888727903,
      0.005053930915892124,
      0.00633153785020113,
      0.00776569964364171,
      0.009356951341032982,
      0.011020299047231674,
      0.01270400732755661,
      0.014373199082911015,
      0.016063470393419266,
      0.017818737775087357,
      0.019665805622935295,
      0.021569427102804184,
      0.023454969748854637,
      0.02524833381175995,
      0.026929019019007683,
      0.028545966371893883,
      0.0301939956843853,
      0.031959764659404755,
      0.03387123718857765,
      0.03587258607149124,
      0.037838663905858994
    ],
    "y_index": 24,
    "z_index": 24
  },
  "final_flux_imbalance_rel": 0.4495472815466084,
  "final_outlet_reflection_proxy": {
    "fluid_cell_count": 2116,
    "negative_ux_fraction": 0.0,
    "proxy_name": "outlet_near_plane_ux_density_variation",
    "rho_peak_to_peak": 0.007330894470214844,
    "rho_std": 0.0016597611990744102,
    "ux_std": 0.008221897102698337,
    "x_index": 46
  },
  "geometry_mode": "duct_only",
  "name": "duct_only_48_convective_plane_flux_controlled_damped_gain0p10_cap0p002_rho0p001_alpha0p02_du0p0005_slew0p50_250step_triage"
}
