{
  "centerline_profile_x": {
    "axis": "x",
    "source": [
      "centerline",
      "centerline",
      "centerline",
      "centerline",
      "centerline",
      "centerline",
      "centerline",
      "centerline",
      "centerline",
      "centerline",
      "centerline",
      "centerline",
      "centerline",
      "centerline",
      "centerline",
      "centerline",
      "centerline",
      "centerline",
      "centerline",
      "centerline",
      "centerline",
      "centerline",
      "centerline",
      "centerline",
      "centerline",
      "centerline",
      "centerline",
      "centerline",
      "centerline",
      "centerline",
      "centerline",
      "centerline",
      "centerline",
      "centerline",
      "centerline",
      "centerline",
      "centerline",
      "centerline",
      "centerline",
      "centerline",
      "centerline",
      "centerline",
      "centerline",
      "centerline",
      "centerline",
      "centerline",
      "centerline",
      "centerline"
    ],
    "ux": [
      0.0199664868414402,
      0.020339665934443474,
      0.020782893523573875,
      0.021286536008119583,
      0.021830299869179726,
      0.022390564903616905,
      0.0229447353631258,
      0.023471124470233917,
      0.023949310183525085,
      0.02436046302318573,
      0.024692555889487267,
      0.024945059791207314,
      0.025136541575193405,
      0.025298910215497017,
      0.025467073544859886,
      0.02565748617053032,
      0.025860216468572617,
      0.0260461512953043,
      0.026193300262093544,
      0.02630605176091194,
      0.026412369683384895,
      0.026539906859397888,
      0.026694681495428085,
      0.026862425729632378,
      0.027026159688830376,
      0.027180247008800507,
      0.027328552678227425,
      0.02747751586139202,
      0.027631649747490883,
      0.02779417857527733,
      0.027966603636741638,
      0.028148675337433815,
      0.028338966891169548,
      0.028536159545183182,
      0.02874073013663292,
      0.028954235836863518,
      0.029177168384194374,
      0.029407383874058723,
      0.02963971346616745,
      0.02986764907836914,
      0.030085671693086624,
      0.030290067195892334,
      0.030478209257125854,
      0.030646542087197304,
      0.03078925423324108,
      0.03089803084731102,
      0.030964519828557968,
      0.03098343312740326
    ],
    "y_index": 24,
    "z_index": 24
  },
  "final_flux_imbalance_rel": 0.2878637413138818,
  "final_outlet_reflection_proxy": {
    "fluid_cell_count": 2116,
    "negative_ux_fraction": 0.0,
    "proxy_name": "outlet_near_plane_ux_density_variation",
    "rho_peak_to_peak": 0.0001220703125,
    "rho_std": 2.2491700794557904e-05,
    "ux_std": 0.007809999884784973,
    "x_index": 46
  },
  "geometry_mode": "duct_only",
  "name": "duct_only_48_regularized_plane_flux_controlled_gain0p25_cap0p005_rho0p001_alpha0p02_du0p0005_slew0p50_offset2_guard_on_min0p70_ramp100_niu0p10_out5_250step_interior_diag"
}
