{
  "anomaly_cell": [
    47,
    40,
    40
  ],
  "f_shape": [
    48,
    48,
    48,
    19
  ],
  "field_stats": {
    "F_min": 0.02522113546729088,
    "f_min": 0.02522113546729088,
    "max_v": 0.02570245787501335,
    "rho_max": 1.0145437717437744,
    "rho_min": 0.9952185153961182
  },
  "local_window": {
    "bounds": [
      [
        46,
        48
      ],
      [
        39,
        42
      ],
      [
        39,
        42
      ]
    ],
    "max_v": 0.0203613,
    "rho_max": 1.0145329,
    "rho_min": 1.0136684
  },
  "raw_arrays_committed_to_git": false,
  "reason": "final",
  "rho_shape": [
    48,
    48,
    48
  ],
  "runtime_npz_path": "D:\\working\\squid robot\\LBM\\MPM-LBM\\outputs\\tmp\\step120_failure_snapshots\\duct_only_48_regularized_plane_flux_controlled_gain0p75_cap0p0075_rho0p0005_alpha0p02_du0p0005_slew0p50_offset2_guard_on_min0p70_ramp85_target0p80_out5_250step_density_iso\\snapshot_step_000250_final.npz",
  "snapshot_payload_omitted_from_git": true,
  "step": 250
}
