{
  "by_extension": {
    ".csv": 2986395,
    ".dat": 61968384,
    ".json": 866044,
    ".log": 381597,
    ".md": 1472184,
    ".npy": 14781056,
    ".npz": 2252951,
    ".obj": 7940,
    ".py": 1717862,
    ".vtr": 64111974,
    "<none>": 1
  },
  "file_count": 2036,
  "large_file_count": 0,
  "private_absolute_path_count": 0,
  "raw_candidate_large_file_count": 0,
  "scan_data_file_count": 0,
  "step33_file_count": 43,
  "step33_particle_npy_count": 0,
  "step33_total_size_bytes": 472579,
  "step33_total_size_mb": 0.4506864547729492,
  "step33_vtr_count": 0,
  "total_size_bytes": 150546388,
  "total_size_mb": 143.57222366333008
}
