{
  "centerline_profile_x": {
    "axis": "x",
    "source": [
      "centerline",
      "centerline",
      "centerline",
      "centerline",
      "centerline",
      "centerline",
      "centerline",
      "centerline",
      "centerline",
      "centerline",
      "centerline",
      "centerline",
      "centerline",
      "centerline",
      "centerline",
      "centerline",
      "centerline",
      "centerline",
      "centerline",
      "centerline",
      "centerline",
      "centerline",
      "centerline",
      "centerline",
      "centerline",
      "centerline",
      "centerline",
      "centerline",
      "centerline",
      "centerline",
      "centerline",
      "centerline",
      "centerline",
      "centerline",
      "centerline",
      "centerline",
      "centerline",
      "centerline",
      "centerline",
      "centerline",
      "centerline",
      "centerline",
      "centerline",
      "centerline",
      "centerline",
      "centerline",
      "centerline",
      "centerline"
    ],
    "ux": [
      0.019963661208748817,
      0.019479922950267792,
      0.019048307090997696,
      0.018690189346671104,
      0.01843009889125824,
      0.01829267479479313,
      0.018284501507878304,
      0.01837724819779396,
      0.01851048693060875,
      0.018622545525431633,
      0.01868327520787716,
      0.018706727772951126,
      0.018722811713814735,
      0.01874697394669056,
      0.01876579038798809,
      0.01876087673008442,
      0.018724817782640457,
      0.01866668090224266,
      0.01859784871339798,
      0.018525872379541397,
      0.018451713025569916,
      0.018376581370830536,
      0.01830170676112175,
      0.01822787895798683,
      0.018152793869376183,
      0.018074870109558105,
      0.01799531653523445,
      0.017919352278113365,
      0.017854349687695503,
      0.017805105075240135,
      0.01777208410203457,
      0.017752092331647873,
      0.01774219423532486,
      0.017742523923516273,
      0.01775611937046051,
      0.017786435782909393,
      0.017834367230534554,
      0.017897583544254303,
      0.017972329631447792,
      0.018056200817227364,
      0.018149111419916153,
      0.018252359703183174,
      0.018365316092967987,
      0.018482601270079613,
      0.01859416253864765,
      0.01869715191423893,
      0.018816372379660606,
      0.018976153805851936
    ],
    "y_index": 24,
    "z_index": 24
  },
  "final_flux_imbalance_rel": 0.18044992400651172,
  "final_outlet_reflection_proxy": {
    "fluid_cell_count": 2116,
    "negative_ux_fraction": 0.00945179584120983,
    "proxy_name": "outlet_near_plane_ux_density_variation",
    "rho_peak_to_peak": 0.0001823902130126953,
    "rho_std": 2.959528703540034e-05,
    "ux_std": 0.005922639579873063,
    "x_index": 46
  },
  "geometry_mode": "duct_only",
  "name": "duct_only_48_regularized_plane_flux_controlled_gain0p75_cap0p0050_rho0p001_alpha0p02_du0p0005_slew0p50_offset2_guard_on_min0p70_ramp85_target0p85_out5_250step_high_authority"
}
