{
  "artifact": "flow_development_diagnostics",
  "bounded_size_artifact": true,
  "controller_authority_ratio_tail_max": 1.0000000474974513,
  "controller_authority_ratio_tail_mean": 1.0000000474974513,
  "controller_filtered_flux_error_tail_mean": -21.782677968343098,
  "controller_measured_outlet_flux_tail_mean": 49.51073900858561,
  "controller_raw_flux_error_tail_mean": -8.11979611714681,
  "controller_saturation_fraction_tail": 0.6504444444444444,
  "controller_tail_record_count": 3,
  "controller_target_outlet_flux_tail_mean": 41.390942891438804,
  "controller_u_feedback_tail_abs_max": 0.0020000000949949026,
  "controller_u_feedback_tail_mean": -0.0020000000949949026,
  "controller_u_feedback_tail_std": 0.0,
  "final": {
    "controller_authority_ratio": 1.0000000474974513,
    "controller_filtered_flux_error": -18.073436737060547,
    "controller_measured_outlet_flux": 23.085256576538086,
    "controller_raw_flux_error": 18.350603103637695,
    "controller_saturation_count_run": 172,
    "controller_saturation_count_step": 1,
    "controller_saturation_fraction_run": 0.688,
    "controller_target_outlet_flux": 41.43585968017578,
    "controller_u_feedback": -0.0020000000949949026,
    "controller_u_feedback_abs": 0.0020000000949949026,
    "correction_delta_abs_sum": 21.161291122436523,
    "correction_delta_abs_sum_run": 4462.05810546875,
    "correction_gain_effective": 0.25,
    "flow_correction_cap_u": 0.002,
    "lbm_open_boundary_semantics": "regularized_plane_flux_controlled_pressure_outlet",
    "mass_total_delta_rel": -0.017047883043090316,
    "midplane_flux": 33.09012081661573,
    "outlet_flux_after_correction": 18.166936346169976,
    "outlet_flux_error": 23.27391925828104,
    "outlet_flux_error_filtered": -18.073436737060547,
    "outlet_flux_raw_before_correction": 18.166936346169976,
    "outlet_plane_negative_ux_fraction": 0.166351606805293,
    "outlet_plane_ux_max": 0.0139783825725317,
    "outlet_plane_ux_mean": 0.008537574894026465,
    "outlet_plane_ux_min": -0.009424895979464054,
    "row_role": "plane_flux_control_candidate_48",
    "sampled_x_profile_flux": "0:41.4408556045;24:33.0901208166;47:18.1669363462",
    "selected96_claim_allowed": false,
    "step": 250,
    "step132_authority_sweep_candidate": true,
    "target_outlet_flux": 41.440855604451016,
    "validation_claim_allowed": false
  },
  "row_count": 11,
  "selected96_claim_allowed": false,
  "step": 132,
  "validation_claim_allowed": false
}
