{
  "centerline_profile_x": {
    "axis": "x",
    "source": [
      "centerline",
      "centerline",
      "centerline",
      "centerline",
      "centerline",
      "centerline",
      "centerline",
      "centerline",
      "centerline",
      "centerline",
      "centerline",
      "centerline",
      "centerline",
      "centerline",
      "centerline",
      "centerline",
      "centerline",
      "centerline",
      "centerline",
      "centerline",
      "centerline",
      "centerline",
      "centerline",
      "centerline",
      "centerline",
      "centerline",
      "centerline",
      "centerline",
      "centerline",
      "centerline",
      "centerline",
      "centerline",
      "centerline",
      "centerline",
      "centerline",
      "centerline",
      "centerline",
      "centerline",
      "centerline",
      "centerline",
      "centerline",
      "centerline",
      "centerline",
      "centerline",
      "centerline",
      "centerline",
      "centerline",
      "centerline"
    ],
    "ux": [
      0.019996730610728264,
      0.019851161167025566,
      0.01971549168229103,
      0.01960533857345581,
      0.019531939178705215,
      0.019504880532622337,
      0.01952514797449112,
      0.01958077773451805,
      0.019641505554318428,
      0.01968485303223133,
      0.01968984305858612,
      0.01968168094754219,
      0.019666990265250206,
      0.019692540168762207,
      0.019718915224075317,
      0.019762752577662468,
      0.01974806748330593,
      0.01974106766283512,
      0.019709978252649307,
      0.019743457436561584,
      0.019741185009479523,
      0.01971898227930069,
      0.019603850319981575,
      0.019538111984729767,
      0.01955331861972809,
      0.019674837589263916,
      0.01969592273235321,
      0.01948646828532219,
      0.019021708518266678,
      0.01852581463754177,
      0.01820320449769497,
      0.018117444589734077,
      0.01810840144753456,
      0.017996547743678093,
      0.017724428325891495,
      0.01740431599318981,
      0.01717277057468891,
      0.01706000231206417,
      0.016948124393820763,
      0.016663795337080956,
      0.016096647828817368,
      0.015262004919350147,
      0.014271076768636703,
      0.013261925429105759,
      0.0123458756133914,
      0.011596163734793663,
      0.011058866046369076,
      0.010767639614641666
    ],
    "y_index": 24,
    "z_index": 24
  },
  "final_flux_imbalance_rel": 0.5616177301074178,
  "final_outlet_reflection_proxy": {
    "fluid_cell_count": 2116,
    "negative_ux_fraction": 0.166351606805293,
    "proxy_name": "outlet_near_plane_ux_density_variation",
    "rho_peak_to_peak": 0.0023335814476013184,
    "rho_std": 0.000591280168716133,
    "ux_std": 0.00665030754484445,
    "x_index": 46
  },
  "geometry_mode": "duct_only",
  "name": "duct_only_48_regularized_plane_flux_controlled_gain0p25_cap0p002_250step_triage"
}
