step,total_mpm_substeps,coupling_mode,rho_min,rho_max,lbm_max_v,fluid_mean_ux,projection_zone_fluid_mean_ux,far_field_fluid_mean_ux,solid_mean_vx_norm,mpm_min_J,mpm_max_speed,projected_mass,active_cell_count,cell_force_max_norm,hydro_force_max_norm,bb_link_count,bb_max_correction,active_reaction_particle_count,max_grid_reaction_norm,elapsed_seconds
0,0,moving_boundary,1.0,1.0,0.0,0.0,0.0,0.0,0.026045124977827072,1.0,0.02604166604578495,0.0,0,0.0,0.0,0,0.0,0,0.0,5.990854999981821
20,200,moving_boundary,0.9897376298904419,1.0140708684921265,0.009917681105434895,0.00020062431576661766,0.00037443634937517345,0.0001529924338683486,0.04027961567044258,0.9927746653556824,0.06146829202771187,0.026999996975064278,4913,0.0,0.41104477643966675,5964,0.0029682391323149204,8622,4.148145308136009e-06,160.6678975999821
