{
  "centerline_profile_x": {
    "axis": "x",
    "source": [
      "centerline",
      "centerline",
      "centerline",
      "centerline",
      "centerline",
      "centerline",
      "centerline",
      "centerline",
      "centerline",
      "centerline",
      "centerline",
      "centerline",
      "centerline",
      "centerline",
      "centerline",
      "centerline",
      "centerline",
      "centerline",
      "centerline",
      "centerline",
      "centerline",
      "centerline",
      "centerline",
      "centerline",
      "centerline",
      "centerline",
      "centerline",
      "centerline",
      "centerline",
      "centerline",
      "centerline",
      "centerline",
      "centerline",
      "centerline",
      "centerline",
      "centerline",
      "centerline",
      "centerline",
      "centerline",
      "centerline",
      "centerline",
      "centerline",
      "centerline",
      "centerline",
      "centerline",
      "centerline",
      "centerline",
      "centerline"
    ],
    "ux": [
      0.020000703632831573,
      0.01975937746465206,
      0.019525762647390366,
      0.019316034391522408,
      0.019138755276799202,
      0.01899963989853859,
      0.01889716275036335,
      0.0188225656747818,
      0.018752314150333405,
      0.01867353729903698,
      0.01857231743633747,
      0.018479110673069954,
      0.01839999295771122,
      0.018380139023065567,
      0.0183735229074955,
      0.018390333279967308,
      0.018343860283493996,
      0.018294861540198326,
      0.018209101632237434,
      0.01818244718015194,
      0.0181221142411232,
      0.018046969547867775,
      0.01788008026778698,
      0.017758529633283615,
      0.017716534435749054,
      0.01778486557304859,
      0.017761249095201492,
      0.017508607357740402,
      0.01699666865170002,
      0.016445286571979523,
      0.016062235459685326,
      0.015912937000393867,
      0.01584511622786522,
      0.01569097302854061,
      0.015407958067953587,
      0.015111018903553486,
      0.014920500107109547,
      0.014831618405878544,
      0.014691146090626717,
      0.014313478954136372,
      0.013614154420793056,
      0.01266137883067131,
      0.011617561802268028,
      0.010644840076565742,
      0.00984852947294712,
      0.009277582168579102,
      0.008951523341238499,
      0.008885282091796398
    ],
    "y_index": 24,
    "z_index": 24
  },
  "final_flux_imbalance_rel": 0.6463693210369579,
  "final_outlet_reflection_proxy": {
    "fluid_cell_count": 2116,
    "negative_ux_fraction": 0.166351606805293,
    "proxy_name": "outlet_near_plane_ux_density_variation",
    "rho_peak_to_peak": 0.001895904541015625,
    "rho_std": 0.0005052588551783114,
    "ux_std": 0.006093115112066454,
    "x_index": 46
  },
  "geometry_mode": "duct_only",
  "name": "duct_only_48_regularized_plane_flux_controlled_gain0p25_cap0p005_rho0p001_alpha0p02_du0p0005_slew0p50_offset2_guard_on_min0p70_250step_triage"
}
