step,inlet_flux,outlet_flux,flux_imbalance_abs,flux_imbalance_rel
0,0.0,0.0,0.0,0.0
5,0.4127910972759192,-4.35858970138091e-07,0.41279153313488937,1.0000010558826802
