step,rho_min,rho_max,rho_mean,mass_total,mass_total_delta_from_initial,mass_total_delta_rel
0,1.0,1.0,1.0,128.0,0.0,0.0
5,0.9999998807907104,1.0495367050170898,1.0124952332116663,129.5993898510933,1.5993898510932922,0.012495233211666346
