{
  "density_gate_pass": true,
  "executed_nx": 8,
  "final_diagnostics": {
    "all_finite": true,
    "centerline_ux_profile": {
      "axis": "x",
      "source": [
        "centerline",
        "centerline",
        "centerline",
        "centerline",
        "centerline",
        "centerline",
        "centerline",
        "centerline"
      ],
      "ux": [
        0.0270589180290699,
        0.02169896848499775,
        0.00985126756131649,
        0.0017936569638550282,
        0.00010116121120518073,
        -1.862645371275562e-09,
        -1.1175872671742582e-08,
        -3.3527612686157227e-08
      ],
      "y_index": 3,
      "z_index": 3
    },
    "fluid_cell_count": 128,
    "flux_balance_reported": true,
    "flux_imbalance_abs": 0.41279153313488937,
    "flux_imbalance_rel": 1.0000010558826802,
    "inlet_flux": 0.4127910972759192,
    "inlet_mean_ux": 0.02463008521590382,
    "mach_proxy_observed": 0.04686921476930847,
    "mass_total": 129.5993898510933,
    "mass_total_delta_from_initial": 1.5993898510932922,
    "mass_total_delta_rel": 0.012495233211666346,
    "max_v": 0.027059953763766628,
    "midplane_mean_ux": 6.916993606864708e-05,
    "outlet_flux": -4.35858970138091e-07,
    "outlet_mean_ux": -2.7241186528748074e-08,
    "outlet_reflection_proxy": {
      "fluid_cell_count": 16,
      "negative_ux_fraction": 1.0,
      "proxy_name": "outlet_near_plane_ux_density_variation",
      "rho_peak_to_peak": 0.0,
      "rho_std": 0.0,
      "ux_std": 3.2261964475754803e-09,
      "x_index": 6
    },
    "rho_max": 1.0495367050170898,
    "rho_mean": 1.0124952332116663,
    "rho_min": 0.9999998807907104,
    "rho_std": 0.018080691515643767,
    "step": 5
  },
  "finite_pass": true,
  "flux_balance_reported": true,
  "flux_imbalance_rel_final": 1.0000010558826802,
  "geometry_mode": "duct_only",
  "lbm_open_boundary_semantics": "regularized_velocity_pressure",
  "mass_drift_gate_pass": true,
  "mass_total_delta_rel_final": 0.012495233211666346,
  "name": "duct_only_96_regularized_boundary_physical_nu_report_only_100step",
  "requested_n_steps": 100,
  "requested_nx": 96,
  "requested_window_completed": false,
  "skipped_due_to_tau_margin": false,
  "skipped_reason": null,
  "step116_gate_pass": true,
  "steps_completed": 5,
  "summary_row": {
    "density_gate_pass": true,
    "executed_nx": 8,
    "finite_pass": true,
    "flux_balance_reported": true,
    "flux_imbalance_rel_final": 1.0000010558826802,
    "geometry_mode": "duct_only",
    "lbm_open_boundary_semantics": "regularized_velocity_pressure",
    "mass_drift_gate_pass": true,
    "mass_total_delta_rel_final": 0.012495233211666346,
    "name": "duct_only_96_regularized_boundary_physical_nu_report_only_100step",
    "requested_n_steps": 100,
    "requested_nx": 96,
    "requested_window_completed": false,
    "skipped_due_to_tau_margin": false,
    "steps_completed": 5,
    "tau_margin_pass": false
  },
  "tau_feasibility_report": {
    "dt_phys_s": 2.0833333333333334e-06,
    "dx_phys_m": 0.0010416666666666667,
    "lbm_min_tau_margin": 0.0001,
    "lbm_niu": 2.8800000000000002e-05,
    "lbm_relaxation_semantics": "standard_lattice_kinematic_viscosity",
    "lbm_tau_stability_policy": "report_only",
    "lbm_viscosity_semantics": "physical_nu_mapping",
    "mach_proxy": 0.034641016151377546,
    "nu_lbm": 2.8800000000000002e-05,
    "physical_reynolds_direct_simulation_feasible_with_current_lbm": false,
    "reynolds_from_config": 26666.666666666668,
    "target_reynolds_match": true,
    "target_reynolds_number": 26666.666666666668,
    "tau": 0.5000864,
    "tau_margin_pass": false,
    "tau_minus_half": 8.6400000000042e-05
  },
  "tau_margin_pass": false
}
