{
  "candidate_mass_acceptance_abs_max": 0.005,
  "candidate_mass_acceptance_gate_pass": false,
  "candidate_mass_acceptance_observed_abs": 0.025803563185036182,
  "checkpoint_available": false,
  "code_commit_at_run": "f78bea27e6df28f0e99119658e2f349b4f1607c8",
  "config_hash": "97b2de44527ef57d17bb36f452333a549122de5c750fdacd72768df84ccfced1",
  "density_gate_pass": true,
  "executed_nx": 8,
  "final_diagnostics": {
    "all_finite": true,
    "centerline_ux_profile": {
      "axis": "x",
      "source": [
        "centerline",
        "centerline",
        "centerline",
        "centerline",
        "centerline",
        "centerline",
        "centerline",
        "centerline"
      ],
      "ux": [
        0.021370595321059227,
        0.027136685326695442,
        0.0286658126860857,
        0.029218953102827072,
        0.031861864030361176,
        0.03900987654924393,
        0.04917246475815773,
        0.055439162999391556
      ],
      "y_index": 3,
      "z_index": 3
    },
    "controller_authority_ratio": 0.09442554437555373,
    "controller_delta_cap_u": 0.0005,
    "controller_density_feedback": 1.6929135426835273e-06,
    "controller_density_feedback_abs": 1.6929135426835273e-06,
    "controller_filtered_flux_error": 0.027086615562438965,
    "controller_measured_outlet_flux": 0.6876159906387329,
    "controller_raw_flux_error": -0.35884714126586914,
    "controller_saturation_count_run": 0,
    "controller_saturation_count_step": 0,
    "controller_saturation_fraction_run": 0.0,
    "controller_slew_alpha": 0.5,
    "controller_target_outlet_flux": 0.32876884937286377,
    "controller_u_feedback": 0.00047212772187776864,
    "controller_u_feedback_abs": 0.00047212772187776864,
    "correction_delta_abs_sum": 0.03790566697716713,
    "correction_delta_abs_sum_run": 0.5491671562194824,
    "correction_gain_effective": 0.25,
    "flow_correction_cap_u": 0.005,
    "fluid_cell_count": 128,
    "flux_balance_reported": true,
    "flux_imbalance_abs": 0.36885331651405795,
    "flux_imbalance_rel": 0.5286340955730611,
    "inlet_flux": 0.32889455787192134,
    "inlet_mean_ux": 0.019666779204271734,
    "lbm_open_boundary_semantics": "regularized_plane_flux_controlled_pressure_outlet",
    "mach_proxy_observed": 0.0960237737603945,
    "mass_total": 131.30285608768463,
    "mass_total_delta_from_initial": 3.3028560876846313,
    "mass_total_delta_rel": 0.025803563185036182,
    "max_v": 0.05543935162916749,
    "midplane_flux": 0.3720415232470696,
    "midplane_mean_ux": 0.02262622071430087,
    "outlet_flux": 0.6977478743859793,
    "outlet_flux_after_correction": 0.6977478743859793,
    "outlet_flux_error": -0.36885331651405795,
    "outlet_flux_error_filtered": 0.027086615562438965,
    "outlet_flux_raw_before_correction": 0.6977478743859793,
    "outlet_mean_ux": 0.04373341705650091,
    "outlet_plane_negative_ux_fraction": 0.0,
    "outlet_plane_rho_mean": 0.9970317780971527,
    "outlet_plane_rho_std": 0.0007973289963915658,
    "outlet_plane_ux_max": 0.05543922260403633,
    "outlet_plane_ux_mean": 0.04373341705650091,
    "outlet_plane_ux_min": 0.03321690484881401,
    "outlet_reflection_proxy": {
      "fluid_cell_count": 16,
      "negative_ux_fraction": 0.0,
      "proxy_name": "outlet_near_plane_ux_density_variation",
      "rho_peak_to_peak": 0.0024765729904174805,
      "rho_std": 0.0008902014947900176,
      "ux_std": 0.007656708074226119,
      "x_index": 6
    },
    "rho_max": 1.0454410314559937,
    "rho_mean": 1.0258035631850362,
    "rho_min": 0.9956880807876587,
    "rho_std": 0.017955507744329094,
    "row_role": "plane_flux_control_candidate_48",
    "sampled_x_profile_flux": "0:0.328894557872;4:0.372041523247;7:0.697747874386",
    "selected96_claim_allowed": false,
    "step": 20,
    "step132_authority_sweep_candidate": false,
    "step133_mass_damped_candidate": true,
    "target_outlet_flux": 0.32889455787192134,
    "validation_claim_allowed": false
  },
  "finite_pass": true,
  "first_failure_detector": {
    "all_records_finite": true,
    "first_failure_reason": null,
    "first_failure_step": null,
    "first_high_density_step": null,
    "first_mass_drift_step": null,
    "first_max_v_step": null,
    "first_negative_density_step": null,
    "first_nonfinite_step": null,
    "record_count": 5
  },
  "first_failure_reason": null,
  "first_failure_step": null,
  "flow_correction_delta_abs_sum": 0.5491671562194824,
  "flow_development_gate_pass": false,
  "flow_outlet_flux_error_filtered": 0.027086615562438965,
  "flux_balance_reported": true,
  "flux_imbalance_rel_final": 0.5286340955730611,
  "flux_imbalance_rel_tail_max": 0.5286340955730611,
  "flux_imbalance_rel_tail_mean": 0.5286340955730611,
  "geometry_mode": "duct_only",
  "hard_stop_failure_reason": null,
  "hard_stop_failure_step": null,
  "hard_stop_mass_drift_abs_max": 0.05,
  "hard_stop_mass_drift_gate_pass": true,
  "hard_stop_mass_drift_observed_abs": 0.034748717211186886,
  "inlet_flux_tail_mean": 0.32889455787192134,
  "inlet_u_lbm": 0.02,
  "lbm_niu": 0.1,
  "lbm_open_boundary_semantics": "regularized_plane_flux_controlled_pressure_outlet",
  "lbm_relaxation_semantics": "legacy_external_solver_relaxation_parameter",
  "lbm_viscosity_semantics": "legacy_external",
  "limiter_activation_count": 0,
  "limiter_activation_denominator": 0,
  "limiter_activation_fraction": 0.0,
  "limiter_activation_gate_pass": true,
  "limiter_activation_summary": {
    "flow_correction_delta_abs_sum": 0.5491671562194824,
    "flow_correction_delta_abs_sum_step": 0.03790566697716713,
    "flow_correction_gain_effective": 0.25,
    "flow_outlet_flux_error_filtered": 0.027086615562438965,
    "limiter_activation_count": 0,
    "limiter_activation_denominator": 0,
    "limiter_activation_fraction": 0.0,
    "limiter_activation_fraction_limit": 0.05,
    "limiter_counter_source": "actual_open_boundary_kernel_counters",
    "mass_balance_correction_abs_sum": 0.5491671562194824,
    "mass_balance_correction_abs_sum_step": 0.03790566697716713,
    "mass_balance_correction_count": 1600,
    "mass_balance_correction_count_step": 80,
    "noneq_clip_count": 0,
    "noneq_limiter_used": false,
    "open_boundary_limiter_enabled": false,
    "population_floor_count": 0,
    "population_floor_used": false,
    "reconstructed_population_count": 0,
    "rho_clip_count": 0,
    "rho_clip_used": false,
    "step": 120,
    "unknown_population_delta_abs_sum": 0.053035669028759,
    "unknown_population_delta_abs_sum_step": 0.0034993141889572144,
    "validation_blocked_by_limiter_activation": false,
    "validation_claim_allowed": false,
    "velocity_clip_count": 0,
    "velocity_clip_used": false
  },
  "limiter_counter_source": "actual_open_boundary_kernel_counters",
  "mach_gate_pass": true,
  "mach_proxy_observed_max": 0.0960237737603945,
  "mass_balance_correction_abs_sum": 0.5491671562194824,
  "mass_balance_correction_count": 1600,
  "mass_drift_gate_pass": true,
  "mass_source_sink_by_step": {
    "mass_drift_abs_max": 0.034748196601867676,
    "mass_drift_delta_final": 0.025803804397583008,
    "mass_drift_final": 0.025803804397583008,
    "mass_drift_initial": 0.0,
    "record_count": 5
  },
  "mass_total_delta_rel_final": 0.025803563185036182,
  "midplane_to_inlet_flux_ratio_tail_mean": 1.1504792157012842,
  "name": "tiny_step133_mass_damped_plane_flux_smoke",
  "not_used_for_validation": false,
  "open_boundary_convective_blend_weight": 0.02,
  "open_boundary_flux_correction_cap_u": 0.005,
  "open_boundary_flux_feedback_delta_cap_u": 0.0005,
  "open_boundary_flux_feedback_gain_rho": 0.001,
  "open_boundary_flux_feedback_gain_u": 0.25,
  "open_boundary_flux_feedback_slew_alpha": 0.5,
  "open_boundary_flux_filter_alpha": 0.01,
  "open_boundary_limiter_enabled": false,
  "open_boundary_noneq_cap": 0.05,
  "open_boundary_population_floor": null,
  "open_boundary_rho_max": 1.2,
  "open_boundary_rho_min": 0.8,
  "open_boundary_u_max": 0.1,
  "outlet_flux_tail_cv": 0.0,