{
  "artifact": "flow_development_diagnostics",
  "bounded_size_artifact": true,
  "controller_authority_ratio_tail_max": 0.11413561878725886,
  "controller_authority_ratio_tail_mean": 0.1042805815814063,
  "controller_feedback_sign_change_count_tail": 0,
  "controller_filtered_flux_error_tail_mean": 0.0325989481061697,
  "controller_measured_outlet_flux_tail_mean": 0.4315895289182663,
  "controller_raw_flux_error_tail_mean": -0.11042119562625885,
  "controller_saturation_fraction_tail": 0.0,
  "controller_tail_record_count": 2,
  "controller_target_outlet_flux_tail_mean": 0.32116833329200745,
  "controller_u_feedback_tail_abs_max": 0.0005706780939362943,
  "controller_u_feedback_tail_mean": 0.0005214029079070315,
  "controller_u_feedback_tail_std": 4.927518602926284e-05,
  "density_feedback_tail_abs_max": 2.381955255259527e-06,
  "density_feedback_tail_mean": 2.037434398971527e-06,
  "final": {
    "controller_authority_ratio": 0.09442554437555373,
    "controller_delta_cap_u": 0.0005,
    "controller_density_feedback": 1.6929135426835273e-06,
    "controller_density_feedback_abs": 1.6929135426835273e-06,
    "controller_filtered_flux_error": 0.027086615562438965,
    "controller_measured_outlet_flux": 0.6876159906387329,
    "controller_raw_flux_error": -0.35884714126586914,
    "controller_saturation_count_run": 0,
    "controller_saturation_count_step": 0,
    "controller_saturation_fraction_run": 0.0,
    "controller_slew_alpha": 0.5,
    "controller_target_outlet_flux": 0.32876884937286377,
    "controller_u_feedback": 0.00047212772187776864,
    "controller_u_feedback_abs": 0.00047212772187776864,
    "correction_delta_abs_sum": 0.03790566697716713,
    "correction_delta_abs_sum_run": 0.5491671562194824,
    "correction_gain_effective": 0.25,
    "flow_correction_cap_u": 0.005,
    "lbm_open_boundary_semantics": "regularized_plane_flux_controlled_pressure_outlet",
    "mass_total_delta_rel": 0.025803563185036182,
    "midplane_flux": 0.3720415232470696,
    "outlet_flux_after_correction": 0.6977478743859793,
    "outlet_flux_error": -0.36885331651405795,
    "outlet_flux_error_filtered": 0.027086615562438965,
    "outlet_flux_raw_before_correction": 0.6977478743859793,
    "outlet_plane_negative_ux_fraction": 0.0,
    "outlet_plane_rho_mean": 0.9970317780971527,
    "outlet_plane_rho_std": 0.0007973289963915658,
    "outlet_plane_ux_max": 0.05543922260403633,
    "outlet_plane_ux_mean": 0.04373341705650091,
    "outlet_plane_ux_min": 0.03321690484881401,
    "row_role": "plane_flux_control_candidate_48",
    "sampled_x_profile_flux": "0:0.328894557872;4:0.372041523247;7:0.697747874386",
    "selected96_claim_allowed": false,
    "step": 20,
    "step132_authority_sweep_candidate": false,
    "step133_mass_damped_candidate": true,
    "target_outlet_flux": 0.32889455787192134,
    "validation_claim_allowed": false
  },
  "mass_drift_tail_mean": 0.030276140198111534,
  "mass_drift_tail_slope": -0.008945154026150703,
  "outlet_flux_tail_slope": 0.4133213386190968,
  "rho_outlet_tail_mean": 0.9994498863816261,
  "rho_outlet_tail_std": 0.002418108284473419,
  "row_count": 5,
  "selected96_claim_allowed": false,
  "step": 133,
  "validation_claim_allowed": false
}
