{
  "centerline_profile_x": {
    "axis": "x",
    "source": [
      "centerline",
      "centerline",
      "centerline",
      "centerline",
      "centerline",
      "centerline",
      "centerline",
      "centerline"
    ],
    "ux": [
      0.021370595321059227,
      0.027136685326695442,
      0.0286658126860857,
      0.029218953102827072,
      0.031861864030361176,
      0.03900987654924393,
      0.04917246475815773,
      0.055439162999391556
    ],
    "y_index": 3,
    "z_index": 3
  },
  "final_flux_imbalance_rel": 0.5286340955730611,
  "final_outlet_reflection_proxy": {
    "fluid_cell_count": 16,
    "negative_ux_fraction": 0.0,
    "proxy_name": "outlet_near_plane_ux_density_variation",
    "rho_peak_to_peak": 0.0024765729904174805,
    "rho_std": 0.0008902014947900176,
    "ux_std": 0.007656708074226119,
    "x_index": 6
  },
  "geometry_mode": "duct_only",
  "name": "tiny_step133_mass_damped_plane_flux_smoke"
}
