{
  "rows": [
    {
      "bb_link_count_max": 6640,
      "bb_link_count_min": 6594,
      "bb_max_correction_max": 0.003309197025373578,
      "case": "experimental_48_moving_boundary",
      "envelope_pass": true,
      "has_inf": false,
      "has_nan": false,
      "hydro_force_max_norm": 0.4212455153465271,
      "lbm_max_v_global": 0.012894898653030396,
      "max_applied_velocity_norm": 0.007021783310068709,
      "max_grid_reaction_norm": 1.0533604836382437e-05,
      "mode_class": "experimental",
      "mpm_max_speed_global": 0.08123779296875,
      "mpm_min_J_global": 0.9909353256225586,
      "projected_mass_max": 0.02294038236141205,
      "projected_mass_min": 0.02294035442173481,
      "reaction_transfer_mode": "engineering",
      "rho_max_global": 1.01199471950531,
      "rho_min_global": 0.9811668395996094,
      "wall_velocity_cap_lbm": 0.01
    },
    {
      "bb_link_count_max": 6640,
      "bb_link_count_min": 6594,
      "bb_max_correction_max": 0.002554181730374694,
      "case": "static_48_moving_boundary",
      "envelope_pass": true,
      "has_inf": false,
      "has_nan": false,
      "hydro_force_max_norm": 0.4204603135585785,
      "lbm_max_v_global": 0.010386716574430466,
      "max_applied_velocity_norm": 0.0,
      "max_grid_reaction_norm": 1.0533604836382437e-05,
      "mode_class": "static",
      "mpm_max_speed_global": 0.08123525232076645,
      "mpm_min_J_global": 0.990933895111084,
      "projected_mass_max": 0.022940391674637794,
      "projected_mass_min": 0.022940345108509064,
      "reaction_transfer_mode": "engineering",
      "rho_max_global": 1.009404182434082,
      "rho_min_global": 0.9863417744636536,
      "wall_velocity_cap_lbm": 0.0
    },
    {
      "bb_link_count_max": 6640,
      "bb_link_count_min": 6594,
      "bb_max_correction_max": 0.0033091644290834665,
      "case": "experimental_48_link_area",
      "envelope_pass": true,
      "has_inf": false,
      "has_nan": false,
      "hydro_force_max_norm": 0.4212471842765808,
      "lbm_max_v_global": 0.012898633256554604,
      "max_applied_velocity_norm": 0.007021783310068709,
      "max_grid_reaction_norm": 1.053360119840363e-05,
      "mode_class": "experimental",
      "mpm_max_speed_global": 0.08109811693429947,
      "mpm_min_J_global": 0.9909787774085999,
      "projected_mass_max": 0.02294039912521839,
      "projected_mass_min": 0.022940346971154213,
      "reaction_transfer_mode": "link_area_experimental",
      "rho_max_global": 1.0119866132736206,
      "rho_min_global": 0.9811670780181885,
      "wall_velocity_cap_lbm": 0.01
    },
    {
      "bb_link_count_max": 6640,
      "bb_link_count_min": 6594,
      "bb_max_correction_max": 0.002548124874010682,
      "case": "static_48_link_area",
      "envelope_pass": true,
      "has_inf": false,
      "has_nan": false,
      "hydro_force_max_norm": 0.4204619526863098,
      "lbm_max_v_global": 0.010369665920734406,
      "max_applied_velocity_norm": 0.0,
      "max_grid_reaction_norm": 1.0533602107898332e-05,
      "mode_class": "static",
      "mpm_max_speed_global": 0.08109559863805771,
      "mpm_min_J_global": 0.9909774661064148,
      "projected_mass_max": 0.022940397262573242,
      "projected_mass_min": 0.02294035255908966,
      "reaction_transfer_mode": "link_area_experimental",
      "rho_max_global": 1.0094081163406372,
      "rho_min_global": 0.9863680005073547,
      "wall_velocity_cap_lbm": 0.0
    }
  ],
  "summary": {
    "envelope_pass": true,
    "max_applied_velocity_norm": 0.007021783310068709,
    "max_bb_correction_max": 0.003309197025373578,
    "max_hydro_force_max_norm": 0.4212471842765808,
    "max_rho_max_global": 1.01199471950531,
    "min_rho_min_global": 0.9811668395996094,
    "pass_count": 4,
    "row_count": 4
  }
}
