{
  "active_reaction_particle_count_max": 8622,
  "active_reaction_particle_count_min": 8622,
  "area_proxy_total": 4578.029288574743,
  "area_weighted_balance_error_x": -1.348699152359245e-06,
  "area_weighted_fluid_impulse_x": 0.1305650668668772,
  "area_weighted_solid_force_x": -0.13056641556602955,
  "axis_link_count": 1232,
  "bb_link_count_max": 6120,
  "bb_link_count_min": 5964,
  "bb_net_fluid_impulse_x": 0.1657733917236328,
  "bb_net_solid_force_x": -0.16577529907226562,
  "case": "box_48_link_budget",
  "cell_force_max_norm": 0.0,
  "completed_lbm_steps": 20,
  "elapsed_seconds": 15.060224200016819,
  "estimated_memory_mb": 27.158203125,
  "face_diagonal_link_count": 4732,
  "geometry_type": "box",
  "hydro_force_max_norm": 0.41117966175079346,
  "hydro_vs_directional_solid_error_x": 6.891787052154541e-06,
  "lbm_max_v_global": 0.009996161796152592,
  "mode": "moving_boundary",
  "mpm_max_speed_global": 0.06890912353992462,
  "mpm_min_J_global": 0.9928040504455566,
  "mpm_substeps_per_lbm_step": 10,
  "n_grid": 48,
  "n_lbm_steps": 20,
  "n_particles": 13824,
  "notes": "48^3 box moving_boundary link-area proxy accounting; diagnostic-only",
  "policy": "inverse_length",
  "projection_zone_ux_final": 0.00037514770519919693,
  "projection_zone_ux_initial": 0.0,
  "rho_max_global": 1.0172829627990723,
  "rho_min_global": 0.9888915419578552,
  "rho_span_global": 0.02839142084121704,
  "scalar_vs_directional_impulse_error_x": 0.0,
  "scalar_vs_directional_solid_error_x": 0.0,
  "solid_vx_drift": 0.014234740287065506,
  "solid_vx_final": 0.04027986526489258,
  "solid_vx_initial": 0.026045124977827072,
  "stable": true,
  "total_link_count": 5964,
  "total_mpm_substeps": 200,
  "well_behaved": true
}
