{
  "centerline_profile_x": {
    "axis": "x",
    "source": [
      "centerline",
      "centerline",
      "centerline",
      "centerline",
      "centerline",
      "centerline",
      "centerline",
      "centerline",
      "centerline",
      "centerline",
      "centerline",
      "centerline",
      "centerline",
      "centerline",
      "centerline",
      "centerline",
      "centerline",
      "centerline",
      "centerline",
      "centerline",
      "centerline",
      "centerline",
      "centerline",
      "centerline",
      "centerline",
      "centerline",
      "centerline",
      "centerline",
      "centerline",
      "centerline",
      "centerline",
      "centerline",
      "centerline",
      "centerline",
      "centerline",
      "centerline",
      "centerline",
      "centerline",
      "centerline",
      "centerline",
      "centerline",
      "centerline",
      "centerline",
      "centerline",
      "centerline",
      "centerline",
      "centerline",
      "centerline"
    ],
    "ux": [
      0.019963320344686508,
      0.01946916989982128,
      0.019017186015844345,
      0.01861668936908245,
      0.018276430666446686,
      0.018005676567554474,
      0.01780320331454277,
      0.01764880120754242,
      0.017506739124655724,
      0.01734842360019684,
      0.017170395702123642,
      0.016996653750538826,
      0.016853518784046173,
      0.016748931258916855,
      0.016664575785398483,
      0.016579123213887215,
      0.01648334600031376,
      0.016385909169912338,
      0.01629733107984066,
      0.016223102807998657,
      0.016162211075425148,
      0.01611466333270073,
      0.016080308705568314,
      0.016058292239904404,
      0.01604566164314747,
      0.01603987254202366,
      0.016041738912463188,
      0.01605634205043316,
      0.016090184450149536,
      0.016147656366229057,
      0.016228381544351578,
      0.01632838137447834,
      0.016444215551018715,
      0.016575779765844345,
      0.01672595739364624,
      0.01689794659614563,
      0.017092207446694374,
      0.0173060093075037,
      0.017535440623760223,
      0.017777692526578903,
      0.01803293637931347,
      0.018302442505955696,
      0.018586089834570885,
      0.01887897588312626,
      0.019170695915818214,
      0.019446704536676407,
      0.019692471250891685,
      0.01989835314452648
    ],
    "y_index": 24,
    "z_index": 24
  },
  "final_flux_imbalance_rel": 0.12779400142871564,
  "final_outlet_reflection_proxy": {
    "fluid_cell_count": 2116,
    "negative_ux_fraction": 0.005671077504725898,
    "proxy_name": "outlet_near_plane_ux_density_variation",
    "rho_peak_to_peak": 0.00022840499877929688,
    "rho_std": 4.288568914703056e-05,
    "ux_std": 0.005704500921300811,
    "x_index": 46
  },
  "geometry_mode": "duct_only",
  "name": "duct_only_48_regularized_plane_flux_controlled_gain0p75_cap0p0075_rho0p0010_mnlow_mgain0p10_mcap0p00025_blend1p00_out5_250step_mass_neutral_design"
}
