{
  "candidate_mass_acceptance_abs_max": 0.005,
  "candidate_mass_acceptance_gate_pass": false,
  "candidate_mass_acceptance_observed_abs": 0.024846829008311033,
  "checkpoint_available": false,
  "code_commit_at_run": "26a79a492565e98ada2e55c1fd968b790f9f7df7",
  "config_hash": "5f7662cb3588675bc477edd5e0aa2e73015b41e70f77117c32f922c6b2a5b871",
  "density_gate_pass": true,
  "executed_nx": 8,
  "final_diagnostics": {
    "all_finite": true,
    "centerline_ux_profile": {
      "axis": "x",
      "source": [
        "centerline",
        "centerline",
        "centerline",
        "centerline",
        "centerline",
        "centerline",
        "centerline",
        "centerline"
      ],
      "ux": [
        0.021378109231591225,
        0.027358070015907288,
        0.029094712808728218,
        0.029822133481502533,
        0.03258952870965004,
        0.03980889171361923,
        0.0499873012304306,
        0.0562092587351799
      ],
      "y_index": 3,
      "z_index": 3
    },
    "controller_authority_ratio": 0.15623222570866346,
    "controller_delta_cap_u": 0.0005,
    "controller_density_feedback": 1.3950811990071088e-06,
    "controller_density_feedback_abs": 1.3950811990071088e-06,
    "controller_drop_guard_activation_count_run": 0,
    "controller_drop_guard_activation_fraction_run": 0.0,
    "controller_drop_guard_active_step": 0,
    "controller_drop_guard_reference_flux": 0.591829240322113,
    "controller_filtered_flux_error": 0.04464259743690491,
    "controller_measure_plane_offset": 1,
    "controller_measured_outlet_flux": 0.591829240322113,
    "controller_raw_flux_error": -0.2631200850009918,
    "controller_saturation_count_run": 0,
    "controller_saturation_count_step": 0,
    "controller_saturation_fraction_run": 0.0,
    "controller_slew_alpha": 0.5,
    "controller_target_outlet_flux": 0.3287091553211212,
    "controller_true_outlet_flux_for_guard": 0.6961956024169922,
    "controller_u_feedback": 0.0007811611285433173,
    "controller_u_feedback_abs": 0.0007811611285433173,
    "correction_delta_abs_sum": 0.06260453164577484,
    "correction_delta_abs_sum_run": 0.9926521182060242,
    "correction_gain_effective": 0.25,
    "flow_correction_cap_u": 0.005,
    "fluid_cell_count": 128,
    "flux_balance_reported": true,
    "flux_imbalance_abs": 0.37675041468181014,
    "flux_imbalance_rel": 0.5339635794965746,
    "inlet_flux": 0.328822828791113,
    "inlet_mean_ux": 0.019671769347041845,
    "lbm_open_boundary_semantics": "regularized_plane_flux_controlled_pressure_outlet",
    "mach_proxy_observed": 0.09735766494627678,
    "mass_total": 131.1803941130638,
    "mass_total_delta_from_initial": 3.1803941130638123,
    "mass_total_delta_rel": 0.024846829008311033,
    "max_v": 0.05620947406440629,
    "midplane_flux": 0.3808281853840372,
    "midplane_mean_ux": 0.02318667690269649,
    "near_outlet_flux_xminus1": 0.6150685118898284,
    "near_outlet_flux_xminus2": 0.47641027267013136,
    "near_outlet_flux_xminus3": 0.3808281853840372,
    "near_outlet_to_outlet_flux_ratio": 0.8717287929774395,
    "open_boundary_flux_control_measure_plane_offset": 1,
    "open_boundary_outlet_flux_drop_guard_enabled": true,
    "open_boundary_outlet_flux_drop_guard_min_ratio": 0.7,
    "outlet_flux": 0.7055732434729232,
    "outlet_flux_after_correction": 0.7055732434729232,
    "outlet_flux_error": -0.37675041468181014,
    "outlet_flux_error_filtered": 0.04464259743690491,
    "outlet_flux_raw_before_correction": 0.7055732434729232,
    "outlet_mean_ux": 0.04427506658248603,
    "outlet_plane_negative_ux_fraction": 0.0,
    "outlet_plane_rho_mean": 0.995879054069519,
    "outlet_plane_rho_std": 0.0007936595649828332,
    "outlet_plane_ux_max": 0.056209348142147064,
    "outlet_plane_ux_mean": 0.04427506658248603,
    "outlet_plane_ux_min": 0.033561863005161285,
    "outlet_reflection_proxy": {
      "fluid_cell_count": 16,
      "negative_ux_fraction": 0.0,
      "proxy_name": "outlet_near_plane_ux_density_variation",
      "rho_peak_to_peak": 0.0024881362915039062,
      "rho_std": 0.0008944061094489237,
      "ux_std": 0.007802800037248771,
      "x_index": 6
    },
    "rho_max": 1.0449694395065308,
    "rho_mean": 1.024846829008311,
    "rho_min": 0.9945415258407593,
    "rho_std": 0.018190447987912327,
    "row_role": "tiny_smoke",
    "sampled_x_profile_flux": "0:0.328822828791;4:0.380828185384;7:0.705573243473",
    "selected96_claim_allowed": false,
    "step": 20,
    "step132_authority_sweep_candidate": false,
    "step133_mass_damped_candidate": false,
    "step134_outlet_stationarity_candidate": false,
    "target_outlet_flux": 0.328822828791113,
    "validation_claim_allowed": false
  },
  "finite_pass": true,
  "first_failure_detector": {
    "all_records_finite": true,
    "first_failure_reason": null,
    "first_failure_step": null,
    "first_high_density_step": null,
    "first_mass_drift_step": null,
    "first_max_v_step": null,
    "first_negative_density_step": null,
    "first_nonfinite_step": null,
    "record_count": 5
  },
  "first_failure_reason": null,
  "first_failure_step": null,
  "flow_correction_delta_abs_sum": 0.9926521182060242,
  "flow_development_gate_pass": false,
  "flow_outlet_flux_error_filtered": 0.04464259743690491,
  "flux_balance_reported": true,
  "flux_imbalance_rel_final": 0.5339635794965746,
  "flux_imbalance_rel_tail_max": 0.5339635794965746,
  "flux_imbalance_rel_tail_mean": 0.5339635794965746,
  "geometry_mode": "duct_only",
  "hard_stop_failure_reason": null,
  "hard_stop_failure_step": null,
  "hard_stop_mass_drift_abs_max": 0.05,
  "hard_stop_mass_drift_gate_pass": true,
  "hard_stop_mass_drift_observed_abs": 0.0341799920424819,
  "inlet_flux_tail_mean": 0.328822828791113,
  "inlet_u_lbm": 0.02,
  "lbm_niu": 0.1,
  "lbm_open_boundary_semantics": "regularized_plane_flux_controlled_pressure_outlet",
  "lbm_relaxation_semantics": "legacy_external_solver_relaxation_parameter",
  "lbm_viscosity_semantics": "legacy_external",
  "limiter_activation_count": 0,
  "limiter_activation_denominator": 0,
  "limiter_activation_fraction": 0.0,
  "limiter_activation_gate_pass": true,
  "limiter_activation_summary": {
    "controller_drop_guard_activation_count_run": 0,
    "controller_drop_guard_activation_fraction_run": 0.0,
    "controller_drop_guard_active_step": 0,
    "controller_drop_guard_min_ratio": 0.7,
    "controller_drop_guard_reference_flux": 0.591829240322113,
    "controller_measure_plane_offset": 1,
    "controller_true_outlet_flux_for_guard": 0.6961956024169922,
    "flow_correction_delta_abs_sum": 0.9926521182060242,
    "flow_correction_delta_abs_sum_step": 0.06260453164577484,
    "flow_correction_gain_effective": 0.25,
    "flow_outlet_flux_error_filtered": 0.04464259743690491,
    "limiter_activation_count": 0,
    "limiter_activation_denominator": 0,
    "limiter_activation_fraction": 0.0,
    "limiter_activation_fraction_limit": 0.05,
    "limiter_counter_source": "actual_open_boundary_kernel_counters",
    "mass_balance_correction_abs_sum": 0.9926521182060242,
    "mass_balance_correction_abs_sum_step": 0.06260453164577484,
    "mass_balance_correction_count": 1600,
    "mass_balance_correction_count_step": 80,
    "near_outlet_flux_xminus1": 0.591829240322113,
    "near_outlet_flux_xminus2": 0.4381004571914673,
    "near_outlet_flux_xminus3": 0.3484410047531128,
    "noneq_clip_count": 0,
    "noneq_limiter_used": false,
    "open_boundary_flux_control_measure_plane_offset": 1,
    "open_boundary_limiter_enabled": false,
    "open_boundary_outlet_flux_drop_guard_enabled": true,
    "open_boundary_outlet_flux_drop_guard_min_ratio": 0.7,
    "population_floor_count": 0,
    "population_floor_used": false,
    "reconstructed_population_count": 0,
    "rho_clip_count": 0,
    "rho_clip_used": false,
    "step": 120,
    "unknown_population_delta_abs_sum": 0.09618229418992996,
    "unknown_population_delta_abs_sum_step": 0.005783425644040108,