{
  "centerline_profile_x": {
    "axis": "x",
    "source": [
      "centerline",
      "centerline",
      "centerline",
      "centerline",
      "centerline",
      "centerline",
      "centerline",
      "centerline",
      "centerline",
      "centerline",
      "centerline",
      "centerline",
      "centerline",
      "centerline",
      "centerline",
      "centerline",
      "centerline",
      "centerline",
      "centerline",
      "centerline",
      "centerline",
      "centerline",
      "centerline",
      "centerline",
      "centerline",
      "centerline",
      "centerline",
      "centerline",
      "centerline",
      "centerline",
      "centerline",
      "centerline",
      "centerline",
      "centerline",
      "centerline",
      "centerline",
      "centerline",
      "centerline",
      "centerline",
      "centerline",
      "centerline",
      "centerline",
      "centerline",
      "centerline",
      "centerline",
      "centerline",
      "centerline",
      "centerline"
    ],
    "ux": [
      0.019971057772636414,
      0.019983630627393723,
      0.020033258944749832,
      0.02009648084640503,
      0.02014237828552723,
      0.020149100571870804,
      0.02011585421860218,
      0.020063186064362526,
      0.020021211355924606,
      0.020008420571684837,
      0.020018944516777992,
      0.020025119185447693,
      0.02000187151134014,
      0.019947003573179245,
      0.019886068999767303,
      0.019848497584462166,
      0.019845303148031235,
      0.019861802458763123,
      0.01987743377685547,
      0.019883453845977783,
      0.019886385649442673,
      0.019896095618605614,
      0.01991725154221058,
      0.019949229434132576,
      0.01998934894800186,
      0.020036183297634125,
      0.020090626552700996,
      0.0201566182076931,
      0.020238682627677917,
      0.020340044051408768,
      0.020460236817598343,
      0.02059587650001049,
      0.020743543282151222,
      0.020903008058667183,
      0.021077189594507217,
      0.021269746124744415,
      0.02148222178220749,
      0.021712355315685272,
      0.02195480465888977,
      0.022203708067536354,
      0.022455088794231415,
      0.022706899791955948,
      0.02295714244246483,
      0.02320156991481781,
      0.023431891575455666,
      0.02363666519522667,
      0.023804251104593277,
      0.023926658555865288
    ],
    "y_index": 24,
    "z_index": 24
  },
  "final_flux_imbalance_rel": 0.061388245562023575,
  "final_outlet_reflection_proxy": {
    "fluid_cell_count": 2116,
    "negative_ux_fraction": 0.001890359168241966,
    "proxy_name": "outlet_near_plane_ux_density_variation",
    "rho_peak_to_peak": 0.00018799304962158203,
    "rho_std": 3.476183352368128e-05,
    "ux_std": 0.006608507135277478,
    "x_index": 46
  },
  "geometry_mode": "duct_only",
  "name": "duct_only_48_regularized_plane_flux_controlled_gain0p50_cap0p005_rho0p001_alpha0p02_du0p0005_slew0p50_offset2_guard_on_min0p70_ramp90_target0p90_out5_250step_ramp_refined"
}
