step,total_mpm_substeps,coupling_mode,rho_min,rho_max,lbm_max_v,fluid_mean_ux,projection_zone_fluid_mean_ux,far_field_fluid_mean_ux,solid_mean_vx_norm,mpm_min_J,mpm_max_speed,projected_mass,active_cell_count,cell_force_max_norm,hydro_force_max_norm,bb_link_count,bb_max_correction,active_reaction_particle_count,max_grid_reaction_norm,elapsed_seconds
0,0,moving_boundary,1.0,1.0,0.0,0.0,0.0,0.0,0.031249286606907845,1.0,0.03125,0.0,0,0.0,0.0,0,0.0,0,0.0,4.331645099970046
5,25,moving_boundary,0.9944228529930115,1.0048422813415527,0.0057863206602633,0.001441063592210412,0.0004935287870466709,0.00045342170051299036,0.031244244426488876,0.9999929070472717,0.03189636394381523,0.605825662612915,68947,0.0,0.41662606596946716,313294,0.0010191878536716104,4096,4.215896296955179e-06,118.17074500001036
