{
  "centerline_profile_x": {
    "axis": "x",
    "source": [
      "centerline",
      "centerline",
      "centerline",
      "centerline",
      "centerline",
      "centerline",
      "centerline",
      "centerline",
      "centerline",
      "centerline",
      "centerline",
      "centerline",
      "centerline",
      "centerline",
      "centerline",
      "centerline",
      "centerline",
      "centerline",
      "centerline",
      "centerline",
      "centerline",
      "centerline",
      "centerline",
      "centerline",
      "centerline",
      "centerline",
      "centerline",
      "centerline",
      "centerline",
      "centerline",
      "centerline",
      "centerline",
      "centerline",
      "centerline",
      "centerline",
      "centerline",
      "centerline",
      "centerline",
      "centerline",
      "centerline",
      "centerline",
      "centerline",
      "centerline",
      "centerline",
      "centerline",
      "centerline",
      "centerline",
      "centerline"
    ],
    "ux": [
      0.01994471251964569,
      0.017768891528248787,
      0.01569998636841774,
      0.013740752823650837,
      0.011886811815202236,
      0.010137384757399559,
      0.008493456058204174,
      0.006959024351090193,
      0.005537525750696659,
      0.004237163346260786,
      0.0030578968580812216,
      0.0020096886437386274,
      0.0010831322288140655,
      0.00029604576411657035,
      -0.0003679895307868719,
      -0.0008732224232517183,
      -0.0012476551346480846,
      -0.0014450319577008486,
      -0.0015216346364468336,
      -0.0014306519879028201,
      -0.0012430244823917747,
      -0.0008872523321770132,
      -0.0004187659942544997,
      0.0002400219236733392,
      0.0010082628577947617,
      0.0019123657839372754,
      0.0028574729803949594,
      0.003886388847604394,
      0.004986947868019342,
      0.006247015669941902,
      0.007664044853299856,
      0.009238759987056255,
      0.010886388830840588,
      0.012555266730487347,
      0.014210332185029984,
      0.015887221321463585,
      0.01763005740940571,
      0.019465958699584007,
      0.021359669044613838,
      0.02323678508400917,
      0.02502298913896084,
      0.02669806219637394,
      0.028311094269156456,
      0.029956920072436333,
      0.03172217309474945,
      0.03363502025604248,
      0.0356394462287426,
      0.03761037066578865
    ],
    "y_index": 24,
    "z_index": 24
  },
  "final_flux_imbalance_rel": 0.44625889115432205,
  "final_outlet_reflection_proxy": {
    "fluid_cell_count": 2116,
    "negative_ux_fraction": 0.0,
    "proxy_name": "outlet_near_plane_ux_density_variation",
    "rho_peak_to_peak": 0.007321715354919434,
    "rho_std": 0.0016577607126930145,
    "ux_std": 0.008198250726296357,
    "x_index": 46
  },
  "geometry_mode": "duct_only",
  "name": "duct_only_48_convective_plane_flux_controlled_damped_gain0p10_cap0p002_rho0p001_alpha0p02_du0p0005_slew0p50_offset1_guard_on_min0p70_ramp0_niu0p10_out5_250step_interior_diag"
}
