{
  "centerline_profile_x": {
    "axis": "x",
    "source": [
      "centerline",
      "centerline",
      "centerline",
      "centerline",
      "centerline",
      "centerline",
      "centerline",
      "centerline",
      "centerline",
      "centerline",
      "centerline",
      "centerline",
      "centerline",
      "centerline",
      "centerline",
      "centerline",
      "centerline",
      "centerline",
      "centerline",
      "centerline",
      "centerline",
      "centerline",
      "centerline",
      "centerline",
      "centerline",
      "centerline",
      "centerline",
      "centerline",
      "centerline",
      "centerline",
      "centerline",
      "centerline",
      "centerline",
      "centerline",
      "centerline",
      "centerline",
      "centerline",
      "centerline",
      "centerline",
      "centerline",
      "centerline",
      "centerline",
      "centerline",
      "centerline",
      "centerline",
      "centerline",
      "centerline",
      "centerline"
    ],
    "ux": [
      0.02006954699754715,
      0.020243657752871513,
      0.020463276654481888,
      0.020734772086143494,
      0.021013235673308372,
      0.021253662183880806,
      0.021417418494820595,
      0.021478047594428062,
      0.021413344889879227,
      0.021220020949840546,
      0.020885543897747993,
      0.020430441945791245,
      0.019851375371217728,
      0.019207410514354706,
      0.018509741872549057,
      0.017850833013653755,
      0.017226550728082657,
      0.016719410195946693,
      0.01628505438566208,
      0.015998544171452522,
      0.01581428200006485,
      0.01581527665257454,
      0.01593901962041855,
      0.01621842384338379,
      0.016548840329051018,
      0.016942434012889862,
      0.017343593761324883,
      0.017821168527007103,
      0.01837920770049095,
      0.019070489332079887,
      0.01985321380198002,
      0.020701203495264053,
      0.021547788754105568,
      0.022385524585843086,
      0.02322276122868061,
      0.024113167077302933,
      0.02509206533432007,
      0.026173748075962067,
      0.02732405997812748,
      0.02849123813211918,
      0.029629630967974663,
      0.030738284811377525,
      0.03186492994427681,
      0.03308742120862007,
      0.034469179809093475,
      0.036018006503582,
      0.03766477480530739,
      0.039274342358112335
    ],
    "y_index": 24,
    "z_index": 24
  },
  "final_flux_imbalance_rel": 0.4250721475778201,
  "final_outlet_reflection_proxy": {
    "fluid_cell_count": 2116,
    "negative_ux_fraction": 0.001890359168241966,
    "proxy_name": "outlet_near_plane_ux_density_variation",
    "rho_peak_to_peak": 0.009500741958618164,
    "rho_std": 0.0018382493714062692,
    "ux_std": 0.009984703453249174,
    "x_index": 46
  },
  "geometry_mode": "duct_only",
  "name": "duct_only_48_convective_flux_matched_damped_outlet_250step_triage"
}
