{
  "centerline_profile_x": {
    "axis": "x",
    "source": [
      "centerline",
      "centerline",
      "centerline",
      "centerline",
      "centerline",
      "centerline",
      "centerline",
      "centerline",
      "centerline",
      "centerline",
      "centerline",
      "centerline",
      "centerline",
      "centerline",
      "centerline",
      "centerline",
      "centerline",
      "centerline",
      "centerline",
      "centerline",
      "centerline",
      "centerline",
      "centerline",
      "centerline",
      "centerline",
      "centerline",
      "centerline",
      "centerline",
      "centerline",
      "centerline",
      "centerline",
      "centerline",
      "centerline",
      "centerline",
      "centerline",
      "centerline",
      "centerline",
      "centerline",
      "centerline",
      "centerline",
      "centerline",
      "centerline",
      "centerline",
      "centerline",
      "centerline",
      "centerline",
      "centerline",
      "centerline"
    ],
    "ux": [
      0.01995847560465336,
      0.019655544310808182,
      0.019384412094950676,
      0.019141316413879395,
      0.018925320357084274,
      0.01874072663486004,
      0.018586020916700363,
      0.018443141132593155,
      0.018277764320373535,
      0.01805947721004486,
      0.01778217777609825,
      0.01747044548392296,
      0.017155341804027557,
      0.01685095764696598,
      0.016543511301279068,
      0.016215039417147636,
      0.015862878412008286,
      0.015509312972426414,
      0.015185335651040077,
      0.01491967961192131,
      0.01472876314073801,
      0.01461597066372633,
      0.014570167288184166,
      0.014574096538126469,
      0.014612295664846897,
      0.014674211852252483,
      0.014753052964806557,
      0.01484744530171156,
      0.014960797503590584,
      0.015095701441168785,
      0.015249915421009064,
      0.015418296679854393,
      0.01559584029018879,
      0.01577926054596901,
      0.0159713514149189,
      0.016182078048586845,
      0.016422636806964874,
      0.0166940875351429,
      0.0169856995344162,
      0.017289157956838608,
      0.017604438588023186,
      0.017931625247001648,
      0.018267767503857613,
      0.01860576868057251,
      0.01893451437354088,
      0.019238829612731934,
      0.01950261928141117,
      0.019716178998351097
    ],
    "y_index": 24,
    "z_index": 24
  },
  "final_flux_imbalance_rel": 0.13217100115805192,
  "final_outlet_reflection_proxy": {
    "fluid_cell_count": 2116,
    "negative_ux_fraction": 0.005671077504725898,
    "proxy_name": "outlet_near_plane_ux_density_variation",
    "rho_peak_to_peak": 0.00026106834411621094,
    "rho_std": 5.040183212251324e-05,
    "ux_std": 0.005722970708320165,
    "x_index": 46
  },
  "geometry_mode": "duct_only",
  "name": "duct_only_48_regularized_plane_flux_controlled_gain0p75_cap0p0075_rho0p0010_mnreliefmid_mgain0p50_mcap0p001_blend0p50_slew0p25_out5_250step_satstat"
}
