{
  "coupling_time": 0.594579300028272,
  "diagnostics_time": 2.270170300034806,
  "export_time": 1.500011421740055e-06,
  "init_time": 38.513454800006,
  "lbm_step_time": 4.986418500018772,
  "mode": "moving_boundary",
  "mpm_substep_time": 4.676415600057226,
  "projection_time": 0.8708578999503516,
  "total_time": 51.91634100000374
}
