step,rho_min,rho_max,rho_mean,mass_total,mass_total_delta_from_initial,mass_total_delta_rel,inlet_mean_ux,outlet_mean_ux,midplane_mean_ux,inlet_flux,outlet_flux,flux_imbalance_abs,flux_imbalance_rel,max_v,mach_proxy_observed
0,1.0,1.0,1.0,128.0,0.0,0.0,0.0,0.02,0.011428571428571429,0.0,0.32,0.32,1.0,0.02,0.034641016151377546
5,1.001,1.003,1.0019999999999998,128.25599999999997,0.2559999999999718,0.0019999999999997797,0.0,0.02,0.011428571428571429,0.0,0.32095999999999997,0.32095999999999997,1.0,0.02,0.034641016151377546
