step,total_mpm_substeps,coupling_mode,rho_min,rho_max,lbm_max_v,fluid_mean_ux,projection_zone_fluid_mean_ux,far_field_fluid_mean_ux,solid_mean_vx_norm,mpm_min_J,mpm_max_speed,projected_mass,active_cell_count,cell_force_max_norm,hydro_force_max_norm,bb_link_count,bb_max_correction,active_reaction_particle_count,max_grid_reaction_norm,elapsed_seconds
0,0,moving_boundary,1.0,1.0,0.0,0.0,0.0,0.0,0.026041535660624504,1.0,0.02604166604578495,0.0,0,0.0,0.0,0,0.0,0,0.0,5.564290500013158
20,200,moving_boundary,0.9918613433837891,1.0105931758880615,0.0064859408885240555,0.00012335240899119526,0.00020815069728996605,0.00010077693150378764,0.026173990219831467,0.994595468044281,0.06466266512870789,0.022940363734960556,4910,0.0,0.42034226655960083,6616,0.0026197321712970734,3299,1.0526945516176056e-05,159.3674038000172
