{
  "coupling_time": 1.5624710999982199,
  "diagnostics_time": 7.012473900003897,
  "export_time": 1.3999997463542968e-06,
  "init_time": 89.74509050000052,
  "lbm_step_time": 56.019944399999986,
  "mode": "moving_boundary",
  "mpm_substep_time": 54.26557390000107,
  "projection_time": 6.029223000001366,
  "total_time": 215.80325339999945,
  "wall_velocity_application_time": 1.1633501000005708
}
