{
  "anomaly_cell": [
    4,
    43,
    43
  ],
  "f_shape": [
    48,
    48,
    48,
    19
  ],
  "field_stats": {
    "F_min": 0.024872219190001488,
    "f_min": 0.024872219190001488,
    "max_v": 0.02738986350595951,
    "rho_max": 1.0113294124603271,
    "rho_min": 0.9852474927902222
  },
  "local_window": {
    "bounds": [
      [
        3,
        6
      ],
      [
        42,
        45
      ],
      [
        42,
        45
      ]
    ],
    "max_v": 0.0273899,
    "rho_max": 0.9859372,
    "rho_min": 0.9856899
  },
  "raw_arrays_committed_to_git": false,
  "reason": "final",
  "rho_shape": [
    48,
    48,
    48
  ],
  "runtime_npz_path": "D:\\working\\squid robot\\LBM\\MPM-LBM\\outputs\\tmp\\step120_failure_snapshots\\duct_only_48_regularized_plane_flux_controlled_gain0p50_cap0p005_rho0p001_alpha0p02_du0p0005_slew0p50_offset2_guard_on_min0p70_ramp100_target0p95_out5_250step_ramp_tuned\\snapshot_step_000250_final.npz",
  "snapshot_payload_omitted_from_git": true,
  "step": 250
}
