{
  "centerline_profile_x": {
    "axis": "x",
    "source": [
      "centerline",
      "centerline",
      "centerline",
      "centerline",
      "centerline",
      "centerline",
      "centerline",
      "centerline",
      "centerline",
      "centerline",
      "centerline",
      "centerline",
      "centerline",
      "centerline",
      "centerline",
      "centerline",
      "centerline",
      "centerline",
      "centerline",
      "centerline",
      "centerline",
      "centerline",
      "centerline",
      "centerline",
      "centerline",
      "centerline",
      "centerline",
      "centerline",
      "centerline",
      "centerline",
      "centerline",
      "centerline",
      "centerline",
      "centerline",
      "centerline",
      "centerline",
      "centerline",
      "centerline",
      "centerline",
      "centerline",
      "centerline",
      "centerline",
      "centerline",
      "centerline",
      "centerline",
      "centerline",
      "centerline",
      "centerline"
    ],
    "ux": [
      0.019962964579463005,
      0.01946025714278221,
      0.01899903081357479,
      0.018588382750749588,
      0.018237216398119926,
      0.017954502254724503,
      0.017738940194249153,
      0.01756967231631279,
      0.017411353066563606,
      0.01723610982298851,
      0.017041444778442383,
      0.016852518543601036,
      0.01669657975435257,
      0.01658228039741516,
      0.016492407768964767,
      0.01640680991113186,
      0.01631750352680683,
      0.01623358391225338,
      0.01616412214934826,
      0.01611248217523098,
      0.016075145453214645,
      0.016049634665250778,
      0.016034653410315514,
      0.016029421240091324,
      0.01603168435394764,
      0.016040010377764702,
      0.016055533662438393,
      0.01608276180922985,
      0.016127415001392365,
      0.016193145886063576,
      0.016279887408018112,
      0.016384350135922432,
      0.01650375872850418,
      0.016638239845633507,
      0.016790516674518585,
      0.016963601112365723,
      0.01715792529284954,
      0.017370998859405518,
      0.01759907230734825,
      0.017839549109339714,
      0.01809270679950714,
      0.018360130488872528,
      0.01864173449575901,
      0.01893281750380993,
      0.019222870469093323,
      0.01949734054505825,
      0.019741447642445564,
      0.019945386797189713
    ],
    "y_index": 24,
    "z_index": 24
  },
  "final_flux_imbalance_rel": 0.12581813879589934,
  "final_outlet_reflection_proxy": {
    "fluid_cell_count": 2116,
    "negative_ux_fraction": 0.005671077504725898,
    "proxy_name": "outlet_near_plane_ux_density_variation",
    "rho_peak_to_peak": 0.00023126602172851562,
    "rho_std": 4.396329319893856e-05,
    "ux_std": 0.005714623387546654,
    "x_index": 46
  },
  "geometry_mode": "duct_only",
  "name": "duct_only_48_regularized_plane_flux_controlled_gain0p75_cap0p0075_rho0p0010_mnhigh_mgain0p50_mcap0p001_blend1p00_slew0p50_out5_250step_satstat"
}
