{
  "coupling_time": 2.1238152000005357,
  "diagnostics_time": 6.497940799919888,
  "export_time": 1.400010660290718e-06,
  "init_time": 90.0126450000098,
  "lbm_step_time": 79.86672170006204,
  "mode": "moving_boundary",
  "mpm_substep_time": 69.48840459989151,
  "projection_time": 7.571193300071172,
  "total_time": 255.5656157999765
}
