{
  "centerline_profile_x": {
    "axis": "x",
    "source": [
      "centerline",
      "centerline",
      "centerline",
      "centerline",
      "centerline",
      "centerline",
      "centerline",
      "centerline",
      "centerline",
      "centerline",
      "centerline",
      "centerline",
      "centerline",
      "centerline",
      "centerline",
      "centerline",
      "centerline",
      "centerline",
      "centerline",
      "centerline",
      "centerline",
      "centerline",
      "centerline",
      "centerline",
      "centerline",
      "centerline",
      "centerline",
      "centerline",
      "centerline",
      "centerline",
      "centerline",
      "centerline",
      "centerline",
      "centerline",
      "centerline",
      "centerline",
      "centerline",
      "centerline",
      "centerline",
      "centerline",
      "centerline",
      "centerline",
      "centerline",
      "centerline",
      "centerline",
      "centerline",
      "centerline",
      "centerline"
    ],
    "ux": [
      0.019938958808779716,
      0.019981734454631805,
      0.020138869062066078,
      0.02028540149331093,
      0.02029932104051113,
      0.02021801471710205,
      0.020198795944452286,
      0.02039545588195324,
      0.02075820043683052,
      0.02114368975162506,
      0.021292954683303833,
      0.021190546452999115,
      0.020885663107037544,
      0.0206952765583992,
      0.020706797018647194,
      0.020996658131480217,
      0.021317781880497932,
      0.02151617407798767,
      0.021374447271227837,
      0.02091672271490097,
      0.020206263288855553,
      0.019428033381700516,
      0.01870042271912098,
      0.018117820844054222,
      0.017691560089588165,
      0.01740941032767296,
      0.017233341932296753,
      0.017131665721535683,
      0.01707526668906212,
      0.017045337706804276,
      0.017028741538524628,
      0.01701829396188259,
      0.017009885981678963,
      0.01700195111334324,
      0.016993748024106026,
      0.01698511838912964,
      0.016975877806544304,
      0.016965720802545547,
      0.01695447787642479,
      0.016941968351602554,
      0.01692795567214489,
      0.016912424936890602,
      0.016895374283194542,
      0.016876356676220894,
      0.016855427995324135,
      0.016832489520311356,
      0.016807489097118378,
      0.016780344769358635
    ],
    "y_index": 24,
    "z_index": 24
  },
  "final_flux_imbalance_rel": 0.2690680105951848,
  "final_outlet_reflection_proxy": {
    "fluid_cell_count": 2116,
    "negative_ux_fraction": 0.0,
    "proxy_name": "outlet_near_plane_ux_density_variation",
    "rho_peak_to_peak": 0.003960251808166504,
    "rho_std": 0.0008332394710987149,
    "ux_std": 0.0037257478543439486,
    "x_index": 46
  },
  "geometry_mode": "duct_only",
  "name": "duct_only_48_convective_outlet_boundary_500step_real"
}
