{
  "density_gate_pass": true,
  "executed_nx": 48,
  "final_diagnostics": {
    "all_finite": true,
    "centerline_ux_profile": {
      "axis": "x",
      "source": [
        "centerline",
        "centerline",
        "centerline",
        "centerline",
        "centerline",
        "centerline",
        "centerline",
        "centerline",
        "centerline",
        "centerline",
        "centerline",
        "centerline",
        "centerline",
        "centerline",
        "centerline",
        "centerline",
        "centerline",
        "centerline",
        "centerline",
        "centerline",
        "centerline",
        "centerline",
        "centerline",
        "centerline",
        "centerline",
        "centerline",
        "centerline",
        "centerline",
        "centerline",
        "centerline",
        "centerline",
        "centerline",
        "centerline",
        "centerline",
        "centerline",
        "centerline",
        "centerline",
        "centerline",
        "centerline",
        "centerline",
        "centerline",
        "centerline",
        "centerline",
        "centerline",
        "centerline",
        "centerline",
        "centerline",
        "centerline"
      ],
      "ux": [
        0.020000003278255463,
        0.019518760964274406,
        0.019602959975600243,
        0.019715748727321625,
        0.01985703594982624,
        0.020026227459311485,
        0.020222526043653488,
        0.020443977788090706,
        0.02068690024316311,
        0.020945943892002106,
        0.021214192733168602,
        0.02148539572954178,
        0.021751999855041504,
        0.022010184824466705,
        0.022253353148698807,
        0.022482387721538544,
        0.022690119221806526,
        0.02288414165377617,
        0.023052887991070747,
        0.02321292832493782,
        0.023343702778220177,
        0.023474756628274918,
        0.02357078157365322,
        0.02367926947772503,
        0.023745262995362282,
        0.023837771266698837,
        0.023878879845142365,
        0.023960888385772705,
        0.023982608690857887,
        0.02405775524675846,
        0.024065911769866943,
        0.024136198684573174,
        0.024136781692504883,
        0.02420312911272049,
        0.024201827123761177,
        0.024264639243483543,
        0.024266637861728668,
        0.024327168241143227,
        0.02433708868920803,
        0.024397248402237892,
        0.024418944492936134,
        0.02448166348040104,
        0.02451811358332634,
        0.02458696998655796,
        0.024640263989567757,
        0.02471844106912613,
        0.024789700284600258,
        0.024790696799755096
      ],
      "y_index": 24,
      "z_index": 24
    },
    "fluid_cell_count": 101568,
    "flux_balance_reported": true,
    "flux_imbalance_abs": 1.00481046239166,
    "flux_imbalance_rel": 0.023743154482287754,
    "inlet_flux": 42.32000693678856,
    "inlet_mean_ux": 0.020000003278255463,
    "mach_proxy_observed": 0.04457879754509163,
    "mass_total": 101646.51587206125,
    "mass_total_delta_from_initial": 78.5158720612526,
    "mass_total_delta_rel": 0.0007730374927265733,
    "max_v": 0.02573758076280848,
    "midplane_mean_ux": 0.01947669945602787,
    "outlet_flux": 41.3151964743969,
    "outlet_mean_ux": 0.01952514000510311,
    "outlet_reflection_proxy": {
      "fluid_cell_count": 2116,
      "negative_ux_fraction": 0.0,
      "proxy_name": "outlet_near_plane_ux_density_variation",
      "rho_peak_to_peak": 0.000431060791015625,
      "rho_std": 9.605662656300279e-05,
      "ux_std": 0.006329838082344826,
      "x_index": 46
    },
    "rho_max": 1.0043753385543823,
    "rho_mean": 1.0007730374927266,
    "rho_min": 0.9999303817749023,
    "rho_std": 0.0004535612005097741,
    "step": 500
  },
  "finite_pass": true,
  "flux_balance_reported": true,
  "flux_imbalance_rel_final": 0.023743154482287754,
  "geometry_mode": "duct_only",
  "lbm_open_boundary_semantics": "equilibrium_all_population_reset",
  "long_window_gates": {
    "density_range_gate_pass": true,
    "flux_development_gate_pass": true,
    "flux_imbalance_trend_reported": true,
    "mass_drift_gate_pass": true,
    "outlet_reflection_proxy_gate_pass": true,
    "regularized_vs_legacy_comparison_reported": false,
    "requested_window_completed": true
  },
  "long_window_schema_version": 1,
  "mass_drift_gate_pass": true,
  "mass_total_delta_rel_final": 0.0007730374927265733,
  "name": "duct_only_48_legacy_boundary_500step_full",
  "not_used_for_validation": false,
  "physical_reynolds_direct_simulation_feasible_with_current_lbm": false,
  "profile_only": false,
  "requested_n_steps": 500,
  "requested_nx": 48,
  "requested_window_completed": true,
  "row_source": "computed",
  "runtime_s": 112.434321800014,
  "skipped_due_to_tau_margin": false,
  "skipped_reason": null,
  "step117_gate_pass": true,
  "step117_validation_claimed": true,
  "steps_completed": 500,
  "summary_row": {
    "density_gate_pass": true,
    "executed_nx": 48,
    "finite_pass": true,
    "flux_balance_reported": true,
    "flux_imbalance_rel_final": 0.023743154482287754,
    "geometry_mode": "duct_only",
    "lbm_open_boundary_semantics": "equilibrium_all_population_reset",
    "long_window_schema_version": 1,
    "mass_drift_gate_pass": true,
    "mass_total_delta_rel_final": 0.0007730374927265733,
    "name": "duct_only_48_legacy_boundary_500step_full",
    "not_used_for_validation": false,
    "profile_only": false,
    "requested_n_steps": 500,
    "requested_nx": 48,
    "requested_window_completed": true,
    "row_source": "computed",
    "runtime_s": 112.434321800014,
    "skipped_due_to_tau_margin": false,
    "step117_validation_claimed": true,
    "steps_completed": 500,
    "tau_margin_pass": true
  },
  "tau_feasibility_report": {
    "lbm_min_tau_margin": 0.0001,
    "lbm_niu": 0.1,
    "lbm_relaxation_semantics": "legacy_external_solver_relaxation_parameter",
    "lbm_tau_stability_policy": "report_only",
    "lbm_viscosity_semantics": "legacy_external",
    "mach_proxy": 0.034641016151377546,
    "physical_reynolds_direct_simulation_feasible_with_current_lbm": null,
    "reynolds_from_config": null,
    "target_reynolds_match": null,
    "target_reynolds_number": null,
    "tau": 0.5333333333333333,
    "tau_margin_pass": true,
    "tau_minus_half": 0.033333333333333326
  },
  "tau_margin_pass": true,
  "timeseries_trend_summary": {
    "flux_imbalance_rel_final": 0.023743154482287754,
    "flux_imbalance_rel_max": 1.0,
    "flux_imbalance_rel_min": 0.0,
    "flux_imbalance_rel_tail_mean": 0.04557166229837651,
    "mach_proxy_observed_max": 0.04770787526447685,
    "mass_drift_abs_max": 0.017732556897585842,
    "mass_drift_final": 0.0007730374927265733,
    "mass_drift_tail_mean": 0.0012289925132747258,
    "max_v_global": 0.027544154626410793,
    "midplane_mean_ux_tail_mean": 0.01908927011263001,
    "negative_ux_fraction_tail_mean": 0.0,
    "outlet_flux_final": 41.3151964743969,
    "outlet_flux_tail_mean": 40.39141387220028,
    "record_count": 11,
    "rho_max_global": 1.027967095375061,
    "rho_min_global": 0.9956969618797302,
    "rho_std_outlet_tail_mean": 9.727201542760072e-05,
    "step_final": 500,
    "step_initial": 0,
    "tail_fraction": 0.2,
    "tail_record_count": 3,
    "ux_std_outlet_tail_mean": 0.006073758806628589
  }
}
