{
  "centerline_profile_x": {
    "axis": "x",
    "source": [
      "centerline",
      "centerline",
      "centerline",
      "centerline",
      "centerline",
      "centerline",
      "centerline",
      "centerline",
      "centerline",
      "centerline",
      "centerline",
      "centerline",
      "centerline",
      "centerline",
      "centerline",
      "centerline",
      "centerline",
      "centerline",
      "centerline",
      "centerline",
      "centerline",
      "centerline",
      "centerline",
      "centerline",
      "centerline",
      "centerline",
      "centerline",
      "centerline",
      "centerline",
      "centerline",
      "centerline",
      "centerline",
      "centerline",
      "centerline",
      "centerline",
      "centerline",
      "centerline",
      "centerline",
      "centerline",
      "centerline",
      "centerline",
      "centerline",
      "centerline",
      "centerline",
      "centerline",
      "centerline",
      "centerline",
      "centerline"
    ],
    "ux": [
      0.019954806193709373,
      0.022842008620500565,
      0.025635499507188797,
      0.02820657752454281,
      0.030454542487859726,
      0.032323434948921204,
      0.03380657359957695,
      0.0349387563765049,
      0.035777848213911057,
      0.03638544678688049,
      0.0368177630007267,
      0.03713064640760422,
      0.03738923370838165,
      0.0376661941409111,
      0.03802260011434555,
      0.03848552703857422,
      0.03903581202030182,
      0.03962003067135811,
      0.04016994684934616,
      0.040632061660289764,
      0.04097524657845497,
      0.041202109307050705,
      0.041322387754917145,
      0.041361358016729355,
      0.041324976831674576,
      0.0412454754114151,
      0.041141148656606674,
      0.04107873886823654,
      0.04107804223895073,
      0.04118310660123825,
      0.041340865194797516,
      0.041544411331415176,
      0.0417122021317482,
      0.041871439665555954,
      0.041980985552072525,
      0.042105160653591156,
      0.04219573736190796,
      0.04229386895895004,
      0.04233211651444435,
      0.04235731065273285,
      0.042333293706178665,
      0.042328763753175735,
      0.04231956601142883,
      0.042349979281425476,
      0.04237769544124603,
      0.042421240359544754,
      0.04244403913617134,
      0.0424644760787487
    ],
    "y_index": 24,
    "z_index": 24
  },
  "final_flux_imbalance_rel": 0.45028755933941655,
  "final_outlet_reflection_proxy": {
    "fluid_cell_count": 2116,
    "negative_ux_fraction": 0.0,
    "proxy_name": "outlet_near_plane_ux_density_variation",
    "rho_peak_to_peak": 0.00041353702545166016,
    "rho_std": 9.060687375129124e-05,
    "ux_std": 0.009455037574858053,
    "x_index": 46
  },
  "geometry_mode": "duct_only",
  "name": "duct_only_48_regularized_limited_boundary_500step_real"
}
