step,inlet_flux,outlet_flux,flux_imbalance_abs,flux_imbalance_rel
0,0.0,0.0,0.0,0.0
25,43.58145830855584,0.6803624710661054,42.901095837489734,0.9843887171868102
50,43.782274916113494,3.74655922688172,40.03571568923177,0.9144274884285912
75,43.78933998031295,7.273615458207638,36.515724522105316,0.8338952936610201
100,43.79262977229338,63.3845383509112,19.59190857861782,0.30909602070701475
125,43.6436814962428,103.89105227776602,60.24737078152322,0.5799091400137537
150,43.39904808196493,113.27196383211606,69.87291575015112,0.6168597540492189
175,43.97390569237099,86.04600284410542,42.072097151734425,0.4889488850279182
200,40.808389913923484,51.00883558931479,10.200445675391308,0.1999740938514596
225,38.81560243265793,44.79379082689665,5.978188394238714,0.1334602024941609
250,39.37161663484822,71.10112651184923,31.729509877001007,0.44625889115432205
