{
  "centerline_profile_x": {
    "axis": "x",
    "source": [
      "centerline",
      "centerline",
      "centerline",
      "centerline",
      "centerline",
      "centerline",
      "centerline",
      "centerline",
      "centerline",
      "centerline",
      "centerline",
      "centerline",
      "centerline",
      "centerline",
      "centerline",
      "centerline",
      "centerline",
      "centerline",
      "centerline",
      "centerline",
      "centerline",
      "centerline",
      "centerline",
      "centerline",
      "centerline",
      "centerline",
      "centerline",
      "centerline",
      "centerline",
      "centerline",
      "centerline",
      "centerline",
      "centerline",
      "centerline",
      "centerline",
      "centerline",
      "centerline",
      "centerline",
      "centerline",
      "centerline",
      "centerline",
      "centerline",
      "centerline",
      "centerline",
      "centerline",
      "centerline",
      "centerline",
      "centerline"
    ],
    "ux": [
      0.019974038004875183,
      0.020072106271982193,
      0.020234303548932076,
      0.020455043762922287,
      0.020714225247502327,
      0.020986849442124367,
      0.021248694509267807,
      0.021476777270436287,
      0.02165069244801998,
      0.021753769367933273,
      0.021779201924800873,
      0.021735068410634995,
      0.021648366004228592,
      0.021556034684181213,
      0.02149011567234993,
      0.021458199247717857,
      0.021441584452986717,
      0.02141059748828411,
      0.021351449191570282,
      0.021278223022818565,
      0.021221203729510307,
      0.02120094746351242,
      0.021214520558714867,
      0.021244343370199203,
      0.021276995539665222,
      0.021311309188604355,
      0.02135325036942959,
      0.02140856720507145,
      0.021480178460478783,
      0.02156941033899784,
      0.021676544100046158,
      0.021800797432661057,
      0.021941296756267548,
      0.02209809049963951,
      0.02227271907031536,
      0.022466393187642097,
      0.02267872728407383,
      0.02290591038763523,
      0.02314210869371891,
      0.0233809445053339,
      0.023618441075086594,
      0.023852482438087463,
      0.024081705138087273,
      0.02430281974375248,
      0.02450929395854473,
      0.024691583588719368,
      0.024839937686920166,
      0.024947747588157654
    ],
    "y_index": 24,
    "z_index": 24
  },
  "final_flux_imbalance_rel": 0.10175493116760255,
  "final_outlet_reflection_proxy": {
    "fluid_cell_count": 2116,
    "negative_ux_fraction": 0.001890359168241966,
    "proxy_name": "outlet_near_plane_ux_density_variation",
    "rho_peak_to_peak": 0.00014579296112060547,
    "rho_std": 2.7600947619923008e-05,
    "ux_std": 0.006741743744474564,
    "x_index": 46
  },
  "geometry_mode": "duct_only",
  "name": "duct_only_48_regularized_plane_flux_controlled_gain0p50_cap0p005_rho0p001_alpha0p02_du0p0005_slew0p50_offset2_guard_on_min0p70_ramp100_target0p95_out5_250step_ramp_tuned"
}
