{
  "artifact": "flow_development_diagnostics",
  "bounded_size_artifact": true,
  "controller_authority_ratio_tail_max": 0.6828514742664993,
  "controller_authority_ratio_tail_mean": 0.6418003079791864,
  "controller_filtered_flux_error_tail_mean": -27.16098912556966,
  "controller_measured_outlet_flux_tail_mean": 56.51241556803385,
  "controller_raw_flux_error_tail_mean": -15.297985076904297,
  "controller_saturation_fraction_tail": 0.0,
  "controller_tail_record_count": 3,
  "controller_target_outlet_flux_tail_mean": 41.214430491129555,
  "controller_u_feedback_tail_abs_max": 0.0013657029485329986,
  "controller_u_feedback_tail_mean": -0.0012836006159583728,
  "controller_u_feedback_tail_std": 0.00010814701509030618,
  "final": {
    "controller_authority_ratio": 0.5653997068293393,
    "controller_filtered_flux_error": -23.927715301513672,
    "controller_measured_outlet_flux": 28.245033264160156,
    "controller_raw_flux_error": 12.963371276855469,
    "controller_saturation_count_run": 0,
    "controller_saturation_count_step": 0,
    "controller_saturation_fraction_run": 0.0,
    "controller_target_outlet_flux": 41.208404541015625,
    "controller_u_feedback": -0.0011307994136586785,
    "controller_u_feedback_abs": 0.0011307994136586785,
    "correction_delta_abs_sum": 11.964049339294434,
    "correction_delta_abs_sum_run": 2644.144287109375,
    "correction_gain_effective": 0.10000000149011612,
    "flow_correction_cap_u": 0.002,
    "lbm_open_boundary_semantics": "regularized_plane_flux_controlled_pressure_outlet",
    "mass_total_delta_rel": -0.021917770267537575,
    "midplane_flux": 35.87137099727995,
    "outlet_flux_after_correction": 23.473515969182426,
    "outlet_flux_error": 17.740728433973818,
    "outlet_flux_error_filtered": -23.927715301513672,
    "outlet_flux_raw_before_correction": 23.473515969182426,
    "outlet_plane_negative_ux_fraction": 0.13610586011342155,
    "outlet_plane_ux_max": 0.016738945618271828,
    "outlet_plane_ux_mean": 0.011058512605377335,
    "outlet_plane_ux_min": -0.009353075176477432,
    "row_role": "plane_flux_control_candidate_48",
    "sampled_x_profile_flux": "0:41.2142444032;24:35.8713709973;47:23.4735159692",
    "selected96_claim_allowed": false,
    "step": 250,
    "step132_authority_sweep_candidate": true,
    "target_outlet_flux": 41.21424440315624,
    "validation_claim_allowed": false
  },
  "row_count": 11,
  "selected96_claim_allowed": false,
  "step": 132,
  "validation_claim_allowed": false
}
