{
  "centerline_profile_x": {
    "axis": "x",
    "source": [
      "centerline",
      "centerline",
      "centerline",
      "centerline",
      "centerline",
      "centerline",
      "centerline",
      "centerline",
      "centerline",
      "centerline",
      "centerline",
      "centerline",
      "centerline",
      "centerline",
      "centerline",
      "centerline",
      "centerline",
      "centerline",
      "centerline",
      "centerline",
      "centerline",
      "centerline",
      "centerline",
      "centerline",
      "centerline",
      "centerline",
      "centerline",
      "centerline",
      "centerline",
      "centerline",
      "centerline",
      "centerline",
      "centerline",
      "centerline",
      "centerline",
      "centerline",
      "centerline",
      "centerline",
      "centerline",
      "centerline",
      "centerline",
      "centerline",
      "centerline",
      "centerline",
      "centerline",
      "centerline",
      "centerline",
      "centerline"
    ],
    "ux": [
      0.02000083215534687,
      0.019905440509319305,
      0.019831817597150803,
      0.019796455278992653,
      0.019805023446679115,
      0.019857751205563545,
      0.019946010783314705,
      0.020053962245583534,
      0.020156780257821083,
      0.020244738087058067,
      0.020311778411269188,
      0.020388908684253693,
      0.0204802043735981,
      0.020617228001356125,
      0.020749492570757866,
      0.020882954820990562,
      0.020947137847542763,
      0.021010391414165497,
      0.021046480163931847,
      0.021138958632946014,
      0.021188652142882347,
      0.02121739462018013,
      0.021161027252674103,
      0.021166715770959854,
      0.021260134875774384,
      0.021466795355081558,
      0.021578801795840263,
      0.021469201892614365,
      0.021101094782352448,
      0.020691094920039177,
      0.020442575216293335,
      0.020438093692064285,
      0.020533286035060883,
      0.020553678274154663,
      0.020429152995347977,
      0.02026139385998249,
      0.020188232883810997,
      0.02024906873703003,
      0.020320294424891472,
      0.020196368917822838,
      0.019718971103429794,
      0.01887126825749874,
      0.017769504338502884,
      0.016590852290391922,
      0.015499020926654339,
      0.014613033272325993,
      0.014009851962327957,
      0.01374020054936409
    ],
    "y_index": 24,
    "z_index": 24
  },
  "final_flux_imbalance_rel": 0.4304513813339547,
  "final_outlet_reflection_proxy": {
    "fluid_cell_count": 2116,
    "negative_ux_fraction": 0.13988657844990549,
    "proxy_name": "outlet_near_plane_ux_density_variation",
    "rho_peak_to_peak": 0.0026804208755493164,
    "rho_std": 0.0006759150236800604,
    "ux_std": 0.007359641655179281,
    "x_index": 46
  },
  "geometry_mode": "duct_only",
  "name": "duct_only_48_regularized_plane_flux_controlled_gain0p10_cap0p002_250step_triage"
}
