{
  "active_reaction_particle_count_max": 16570,
  "active_reaction_particle_count_min": 16570,
  "area_proxy_total_final": 8619.669921875,
  "area_proxy_total_initial": 0.0,
  "area_proxy_total_max": 8619.669921875,
  "area_proxy_total_min": 0.0,
  "area_scale_final": 0.777285635471344,
  "area_scale_initial": 1.0,
  "area_scale_max": 1.0,
  "area_scale_mean": 0.888642817735672,
  "area_scale_min": 0.777285635471344,
  "bb_link_count_max": 11186,
  "bb_link_count_min": 11186,
  "case": "box_64_link_area_feasibility",
  "cell_force_max_norm": 0.0,
  "completed_lbm_steps": 5,
  "elapsed_seconds": 152.6782173999818,
  "estimated_memory_mb": 64.375,
  "geometry_type": "box",
  "hydro_force_max_norm": 0.4023546278476715,
  "lbm_max_v_global": 0.005351947154849768,
  "max_grid_reaction_norm": 2.0407289866852807e-06,
  "mode": "moving_boundary",
  "mpm_max_speed_global": 0.04163375496864319,
  "mpm_min_J_global": 0.9955477118492126,
  "mpm_substeps_per_lbm_step": 5,
  "n_grid": 64,
  "n_lbm_steps": 5,
  "n_particles": 32768,
  "notes": "Step 19 conservative 64^3 link-area feasibility",
  "projection_zone_ux_final": 0.00016246196173597127,
  "projection_zone_ux_initial": 0.0,
  "raw_area_scale_final": 0.777285635471344,
  "raw_area_scale_initial": 1.0,
  "raw_area_scale_max": 1.0,
  "raw_area_scale_min": 0.777285635471344,
  "reaction_transfer_mode": "link_area_experimental",
  "rho_max_global": 1.0027772188186646,
  "rho_min_global": 0.992273211479187,
  "rho_span_global": 0.010504007339477539,
  "solid_vx_drift": 0.0017266441136598587,
  "solid_vx_final": 0.02125658467411995,
  "solid_vx_initial": 0.01952994056046009,
  "stable": true,
  "total_mpm_substeps": 25,
  "transfer_mode": "link_area_experimental",
  "well_behaved": true
}
