{
  "artifact": "flow_development_diagnostics",
  "bounded_size_artifact": true,
  "controller_authority_ratio_tail_max": 0.30898950062692165,
  "controller_authority_ratio_tail_mean": 0.27098464003453654,
  "controller_feedback_sign_change_count_tail": 0,
  "controller_filtered_flux_error_tail_mean": -11.603604952494303,
  "controller_measured_outlet_flux_tail_mean": 56.94911575317383,
  "controller_raw_flux_error_tail_mean": -15.932137807210287,
  "controller_saturation_fraction_tail": 0.0,
  "controller_tail_record_count": 3,
  "controller_target_outlet_flux_tail_mean": 41.01697794596354,
  "controller_u_feedback_tail_abs_max": 0.0015449475031346083,
  "controller_u_feedback_tail_mean": -0.0013549232001726825,
  "controller_u_feedback_tail_std": 0.00018509906818282767,
  "density_feedback_tail_abs_max": 6.068346465326613e-06,
  "density_feedback_tail_mean": -5.483745402064717e-06,
  "final": {
    "controller_authority_ratio": 0.30898950062692165,
    "controller_delta_cap_u": 0.00025,
    "controller_density_feedback": -6.068346465326613e-06,
    "controller_density_feedback_abs": 6.068346465326613e-06,
    "controller_filtered_flux_error": -12.840620994567871,
    "controller_measured_outlet_flux": 26.172893524169922,
    "controller_raw_flux_error": 14.863216400146484,
    "controller_saturation_count_run": 0,
    "controller_saturation_count_step": 0,
    "controller_saturation_fraction_run": 0.0,
    "controller_slew_alpha": 0.25,
    "controller_target_outlet_flux": 41.036109924316406,
    "controller_u_feedback": -0.0015449475031346083,
    "controller_u_feedback_abs": 0.0015449475031346083,
    "correction_delta_abs_sum": 16.408126831054688,
    "correction_delta_abs_sum_run": 2308.411865234375,
    "correction_gain_effective": 0.25,
    "flow_correction_cap_u": 0.005,
    "lbm_open_boundary_semantics": "regularized_plane_flux_controlled_pressure_outlet",
    "mass_total_delta_rel": -0.024829462325527896,
    "midplane_flux": 34.17858364083935,
    "outlet_flux_after_correction": 21.230478393155032,
    "outlet_flux_error": 19.812767201475204,
    "outlet_flux_error_filtered": -12.840620994567871,
    "outlet_flux_raw_before_correction": 21.230478393155032,
    "outlet_plane_negative_ux_fraction": 0.166351606805293,
    "outlet_plane_rho_mean": 1.0042350518117555,
    "outlet_plane_rho_std": 8.809340799699427e-05,
    "outlet_plane_ux_max": 0.01575447805225849,
    "outlet_plane_ux_mean": 0.009990793947997064,
    "outlet_plane_ux_min": -0.010577135719358921,
    "row_role": "plane_flux_control_candidate_48",
    "sampled_x_profile_flux": "0:41.0432455946;24:34.1785836408;47:21.2304783932",
    "selected96_claim_allowed": false,
    "step": 250,
    "step132_authority_sweep_candidate": false,
    "step133_mass_damped_candidate": true,
    "target_outlet_flux": 41.043245594630235,
    "validation_claim_allowed": false
  },
  "mass_drift_tail_mean": -0.019554189898306845,
  "mass_drift_tail_slope": -0.011738134798063897,
  "outlet_flux_tail_slope": -52.98661144278376,
  "rho_outlet_tail_mean": 1.003946693535488,
  "rho_outlet_tail_std": 0.0004536078080584434,
  "row_count": 11,
  "selected96_claim_allowed": false,
  "step": 133,
  "validation_claim_allowed": false
}
