{
  "centerline_profile_x": {
    "axis": "x",
    "source": [
      "centerline",
      "centerline",
      "centerline",
      "centerline",
      "centerline",
      "centerline",
      "centerline",
      "centerline",
      "centerline",
      "centerline",
      "centerline",
      "centerline",
      "centerline",
      "centerline",
      "centerline",
      "centerline",
      "centerline",
      "centerline",
      "centerline",
      "centerline",
      "centerline",
      "centerline",
      "centerline",
      "centerline",
      "centerline",
      "centerline",
      "centerline",
      "centerline",
      "centerline",
      "centerline",
      "centerline",
      "centerline",
      "centerline",
      "centerline",
      "centerline",
      "centerline",
      "centerline",
      "centerline",
      "centerline",
      "centerline",
      "centerline",
      "centerline",
      "centerline",
      "centerline",
      "centerline",
      "centerline",
      "centerline",
      "centerline"
    ],
    "ux": [
      0.020003175362944603,
      0.01989428699016571,
      0.01981031335890293,
      0.01976843550801277,
      0.019772158935666084,
      0.019818458706140518,
      0.01989498920738697,
      0.019983794540166855,
      0.020061379298567772,
      0.02012118510901928,
      0.020161889493465424,
      0.020214876160025597,
      0.020282216370105743,
      0.020388193428516388,
      0.020479267463088036,
      0.020560728386044502,
      0.020571500062942505,
      0.020586801692843437,
      0.0205838605761528,
      0.020638471469283104,
      0.02064475044608116,
      0.02062576822936535,
      0.0205279178917408,
      0.02050595171749592,
      0.020576197654008865,
      0.020748263224959373,
      0.02080458216369152,
      0.020633745938539505,
      0.020221378654241562,
      0.01979745551943779,
      0.01955237239599228,
      0.01954878494143486,
      0.019630437716841698,
      0.019630534574389458,
      0.019490910694003105,
      0.01931845210492611,
      0.019243264570832253,
      0.019295841455459595,
      0.019351830706000328,
      0.019215483218431473,
      0.0187399722635746,
      0.017911924049258232,
      0.01683974824845791,
      0.01568726636469364,
      0.014606871642172337,
      0.013711484149098396,
      0.01307613030076027,
      0.012751434929668903
    ],
    "y_index": 24,
    "z_index": 24
  },
  "final_flux_imbalance_rel": 0.4827290560098236,
  "final_outlet_reflection_proxy": {
    "fluid_cell_count": 2116,
    "negative_ux_fraction": 0.166351606805293,
    "proxy_name": "outlet_near_plane_ux_density_variation",
    "rho_peak_to_peak": 0.0026698708534240723,
    "rho_std": 0.0006719384646436448,
    "ux_std": 0.007468489197664704,
    "x_index": 46
  },
  "geometry_mode": "duct_only",
  "name": "duct_only_48_regularized_plane_flux_controlled_gain0p25_cap0p005_rho0p001_alpha0p005_du0p00025_slew0p25_250step_triage"
}
