{
  "artifact": "flow_development_diagnostics",
  "bounded_size_artifact": true,
  "final": {
    "controller_filtered_flux_error": -33.369258880615234,
    "controller_measured_outlet_flux": 38.13079833984375,
    "controller_raw_flux_error": 2.8214683532714844,
    "controller_saturation_count_run": 0,
    "controller_saturation_count_step": 0,
    "controller_saturation_fraction_run": 0.0,
    "controller_target_outlet_flux": 40.952266693115234,
    "controller_u_feedback": -3.9424925489583984e-05,
    "controller_u_feedback_abs": 3.9424925489583984e-05,
    "correction_delta_abs_sum": 0.41714733839035034,
    "correction_delta_abs_sum_run": 73.08012390136719,
    "correction_gain_effective": 0.0024999999441206455,
    "lbm_open_boundary_semantics": "regularized_plane_flux_controlled_pressure_outlet",
    "mass_total_delta_rel": -0.0283421114698597,
    "midplane_flux": 42.731749091554036,
    "outlet_flux_after_correction": 33.16022240184659,
    "outlet_flux_error": 7.793888968415281,
    "outlet_flux_error_filtered": -33.369258880615234,
    "outlet_flux_raw_before_correction": 33.16022240184659,
    "outlet_plane_negative_ux_fraction": 0.08695652173913043,
    "outlet_plane_ux_max": 0.021782690659165382,
    "outlet_plane_ux_mean": 0.015678763064053632,
    "outlet_plane_ux_min": -0.008975125849246979,
    "row_role": "plane_flux_control_candidate_48",
    "sampled_x_profile_flux": "0:40.9541113703;24:42.7317490916;47:33.1602224018",
    "selected96_claim_allowed": false,
    "step": 250,
    "target_outlet_flux": 40.95411137026187,
    "validation_claim_allowed": false
  },
  "row_count": 11,
  "selected96_claim_allowed": false,
  "step": 131,
  "validation_claim_allowed": false
}
