{
  "centerline_profile_x": {
    "axis": "x",
    "source": [
      "centerline",
      "centerline",
      "centerline",
      "centerline",
      "centerline",
      "centerline",
      "centerline",
      "centerline",
      "centerline",
      "centerline",
      "centerline",
      "centerline",
      "centerline",
      "centerline",
      "centerline",
      "centerline",
      "centerline",
      "centerline",
      "centerline",
      "centerline",
      "centerline",
      "centerline",
      "centerline",
      "centerline",
      "centerline",
      "centerline",
      "centerline",
      "centerline",
      "centerline",
      "centerline",
      "centerline",
      "centerline",
      "centerline",
      "centerline",
      "centerline",
      "centerline",
      "centerline",
      "centerline",
      "centerline",
      "centerline",
      "centerline",
      "centerline",
      "centerline",
      "centerline",
      "centerline",
      "centerline",
      "centerline",
      "centerline"
    ],
    "ux": [
      0.019998790696263313,
      0.02004423178732395,
      0.020123697817325592,
      0.020253099501132965,
      0.020434973761439323,
      0.020665042102336884,
      0.0209294892847538,
      0.021208330988883972,
      0.02147732302546501,
      0.021730054169893265,
      0.021965883672237396,
      0.022215411067008972,
      0.02248026616871357,
      0.022782063111662865,
      0.02306823991239071,
      0.0233429167419672,
      0.02354690060019493,
      0.0237519983202219,
      0.02393592894077301,
      0.024173343554139137,
      0.024362735450267792,
      0.024527037516236305,
      0.024608686566352844,
      0.024758869782090187,
      0.025000296533107758,
      0.0253605954349041,
      0.025630654767155647,
      0.02568599209189415,
      0.025475120171904564,
      0.02520681358873844,
      0.02508544921875,
      0.02521827630698681,
      0.025475580245256424,
      0.025675896555185318,
      0.025713825598359108,
      0.025664929300546646,
      0.025670813396573067,
      0.025809496641159058,
      0.025998078286647797,
      0.026040924713015556,
      0.025741420686244965,
      0.025017522275447845,
      0.023932792246341705,
      0.022653859108686447,
      0.021375367417931557,
      0.020267531275749207,
      0.019455421715974808,
      0.019022665917873383
    ],
    "y_index": 24,
    "z_index": 24
  },
  "final_flux_imbalance_rel": 0.19030785207256826,
  "final_outlet_reflection_proxy": {
    "fluid_cell_count": 2116,
    "negative_ux_fraction": 0.08695652173913043,
    "proxy_name": "outlet_near_plane_ux_density_variation",
    "rho_peak_to_peak": 0.00332486629486084,
    "rho_std": 0.0008132901808142683,
    "ux_std": 0.008531280247546416,
    "x_index": 46
  },
  "geometry_mode": "duct_only",
  "name": "duct_only_48_regularized_plane_flux_controlled_pressure_outlet_250step_triage"
}
