{
  "active_reaction_particle_count_max": 3299,
  "active_reaction_particle_count_min": 3275,
  "area_proxy_total": 5189.610024378487,
  "area_weighted_balance_error_x": 2.69739830471849e-06,
  "area_weighted_fluid_impulse_x": -0.4424809175764999,
  "area_weighted_solid_force_x": 0.4424836149748046,
  "axis_link_count": 1746,
  "bb_link_count_max": 6654,
  "bb_link_count_min": 6616,
  "bb_net_fluid_impulse_x": -0.5538711547851562,
  "bb_net_solid_force_x": 0.5538749694824219,
  "case": "squid_proxy_48_link_budget",
  "cell_force_max_norm": 0.0,
  "completed_lbm_steps": 20,
  "elapsed_seconds": 91.9623402999714,
  "estimated_memory_mb": 26.15625,
  "face_diagonal_link_count": 4870,
  "geometry_type": "squid_proxy",
  "hydro_force_max_norm": 0.42034217715263367,
  "hydro_vs_directional_solid_error_x": 2.008676528930664e-05,
  "lbm_max_v_global": 0.0077192471362650394,
  "mode": "moving_boundary",
  "mpm_max_speed_global": 0.06466235965490341,
  "mpm_min_J_global": 0.9938787817955017,
  "mpm_substeps_per_lbm_step": 10,
  "n_grid": 48,
  "n_lbm_steps": 20,
  "n_particles": 4096,
  "notes": "48^3 procedural squid_proxy link-area proxy accounting; not real squid validation",
  "policy": "inverse_length",
  "projection_zone_ux_final": 0.00020815100288018584,
  "projection_zone_ux_initial": 0.0,
  "rho_max_global": 1.012060523033142,
  "rho_min_global": 0.9910271167755127,
  "rho_span_global": 0.021033406257629395,
  "scalar_vs_directional_impulse_error_x": 0.0,
  "scalar_vs_directional_solid_error_x": 0.0,
  "solid_vx_drift": 0.00013242103159427643,
  "solid_vx_final": 0.02617395669221878,
  "solid_vx_initial": 0.026041535660624504,
  "stable": true,
  "total_link_count": 6616,
  "total_mpm_substeps": 200,
  "well_behaved": true
}
