step,total_mpm_substeps,coupling_mode,rho_min,rho_max,lbm_max_v,fluid_mean_ux,projection_zone_fluid_mean_ux,far_field_fluid_mean_ux,solid_mean_vx_norm,mpm_min_J,mpm_max_speed,projected_mass,active_cell_count,cell_force_max_norm,hydro_force_max_norm,bb_link_count,bb_max_correction,active_reaction_particle_count,max_grid_reaction_norm,elapsed_seconds
0,0,moving_boundary,1.0,1.0,0.0,0.0,0.0,0.0,0.026041198521852493,1.0,0.02604166604578495,0.0,0,0.0,0.0,0,0.0,0,0.0,1.8110682999831624
10,100,moving_boundary,0.9840658903121948,1.017020583152771,0.008774684742093086,0.0002647150249686092,0.0002686117950361222,0.00016581294767092913,0.02607702650129795,0.9993806481361389,0.028837908059358597,0.09944106638431549,14151,0.0,0.41778653860092163,37206,0.0018311046296730638,4096,4.206377525406424e-06,12.52854309999384
