{
  "negative_ux_fraction": 0.3346350659843792,
  "proxy_name": "negative_ux_fraction_near_flaps",
  "ux_std": 2.768434524536133
}
