{
  "final_midplane_mean_ux": 0.38654739062672266,
  "finite_pass": true,
  "max_speed": 326.6042175292969,
  "mean_speed": 0.5338060855865479,
  "throat_x_index": 48
}
