{
  "centerline_profile_x": {
    "axis": "x",
    "source": [
      "centerline",
      "centerline",
      "centerline",
      "centerline",
      "centerline",
      "centerline",
      "centerline",
      "centerline",
      "centerline",
      "centerline",
      "centerline",
      "centerline",
      "centerline",
      "centerline",
      "centerline",
      "centerline",
      "centerline",
      "centerline",
      "centerline",
      "centerline",
      "centerline",
      "centerline",
      "centerline",
      "centerline",
      "centerline",
      "centerline",
      "centerline",
      "centerline",
      "centerline",
      "centerline",
      "centerline",
      "centerline",
      "centerline",
      "centerline",
      "centerline",
      "centerline",
      "centerline",
      "centerline",
      "centerline",
      "centerline",
      "centerline",
      "centerline",
      "centerline",
      "centerline",
      "centerline",
      "centerline",
      "centerline",
      "centerline"
    ],
    "ux": [
      0.01999310776591301,
      0.020086003467440605,
      0.020198287442326546,
      0.020324507728219032,
      0.02045462280511856,
      0.020579608157277107,
      0.020693903788924217,
      0.020795822143554688,
      0.02088465541601181,
      0.02096017822623253,
      0.021021688356995583,
      0.0210688728839159,
      0.02110207825899124,
      0.02112242951989174,
      0.021131865680217743,
      0.021132495254278183,
      0.02112615294754505,
      0.02111443690955639,
      0.02109837718307972,
      0.021078813821077347,
      0.021055307239294052,
      0.021027157083153725,
      0.02099173702299595,
      0.020946551114320755,
      0.02088925801217556,
      0.02082023397088051,
      0.02074137143790722,
      0.020658010616898537,
      0.02057468704879284,
      0.02049637958407402,
      0.02042488195002079,
      0.020362185314297676,
      0.020308448001742363,
      0.020265569910407066,
      0.02023574709892273,
      0.02022327110171318,
      0.020231539383530617,
      0.02026437595486641,
      0.02032308839261532,
      0.02040804736316204,
      0.020516861230134964,
      0.020646020770072937,
      0.02078956738114357,
      0.020940572023391724,
      0.021090872585773468,
      0.0212330911308527,
      0.021360918879508972,
      0.021471666172146797
    ],
    "y_index": 24,
    "z_index": 24
  },
  "final_flux_imbalance_rel": 0.1486361066752313,
  "final_outlet_reflection_proxy": {
    "fluid_cell_count": 2116,
    "negative_ux_fraction": 0.005671077504725898,
    "proxy_name": "outlet_near_plane_ux_density_variation",
    "rho_peak_to_peak": 5.543231964111328e-05,
    "rho_std": 7.415654663275963e-06,
    "ux_std": 0.006682418120206842,
    "x_index": 46
  },
  "geometry_mode": "duct_only",
  "name": "duct_only_48_regularized_plane_flux_controlled_gain0p75_cap0p0075_rho0p0010_mnhigh_mgain0p50_mcap0p001_blend1p00_out10_500step_mass_neutral_final"
}
