step,total_mpm_substeps,coupling_mode,rho_min,rho_max,lbm_max_v,fluid_mean_ux,projection_zone_fluid_mean_ux,far_field_fluid_mean_ux,solid_mean_vx_norm,mpm_min_J,mpm_max_speed,projected_mass,active_cell_count,cell_force_max_norm,hydro_force_max_norm,bb_link_count,bb_max_correction,active_reaction_particle_count,max_grid_reaction_norm,elapsed_seconds
0,0,moving_boundary,1.0,1.0,0.0,0.0,0.0,0.0,1.5624840259552002,1.0,1.5625,0.0,0,0.0,0.0,0,0.0,0,0.0,4.566192400001455
1,1,moving_boundary,0.980000376701355,1.0200003385543823,0.020408157259225845,0.00015011362847872078,0.001133563811890781,0.0,1.5624464750289917,0.9999732971191406,1.563986897468567,0.027000030502676964,1320,0.0,0.4074159562587738,2272,0.006666668690741062,892,4.051990254083648e-05,124.17694449999544
