{
  "artifact": "flow_development_diagnostics",
  "bounded_size_artifact": true,
  "final": {
    "controller_filtered_flux_error": -31.221101760864258,
    "controller_measured_outlet_flux": 82.7584457397461,
    "controller_raw_flux_error": -43.99159240722656,
    "controller_saturation_count_run": 0,
    "controller_saturation_count_step": 0,
    "controller_saturation_fraction_run": 0.0,
    "controller_target_outlet_flux": 38.76685333251953,
    "controller_u_feedback": -3.6886933230562136e-05,
    "controller_u_feedback_abs": 3.6886933230562136e-05,
    "correction_delta_abs_sum": 0.407108336687088,
    "correction_delta_abs_sum_run": 105.7568359375,
    "correction_gain_effective": 0.0024999999441206455,
    "lbm_open_boundary_semantics": "convective_plane_flux_controlled_damped_outlet",
    "mass_total_delta_rel": -0.02858492044911549,
    "midplane_flux": 7.59325188941452,
    "outlet_flux_after_correction": 83.48124267661089,
    "outlet_flux_error": -44.65211610369526,
    "outlet_flux_error_filtered": -31.221101760864258,
    "outlet_flux_raw_before_correction": 83.48124267661089,
    "outlet_plane_negative_ux_fraction": 0.0,
    "outlet_plane_ux_max": 0.044807806611061096,
    "outlet_plane_ux_mean": 0.039209904385746466,
    "outlet_plane_ux_min": 0.00637948838993907,
    "row_role": "plane_flux_control_candidate_48",
    "sampled_x_profile_flux": "0:38.8291265729;24:7.59325188941;47:83.4812426766",
    "selected96_claim_allowed": false,
    "step": 250,
    "target_outlet_flux": 38.82912657291563,
    "validation_claim_allowed": false
  },
  "row_count": 11,
  "selected96_claim_allowed": false,
  "step": 131,
  "validation_claim_allowed": false
}
