{
  "centerline_profile_x": {
    "axis": "x",
    "source": [
      "centerline",
      "centerline",
      "centerline",
      "centerline",
      "centerline",
      "centerline",
      "centerline",
      "centerline",
      "centerline",
      "centerline",
      "centerline",
      "centerline",
      "centerline",
      "centerline",
      "centerline",
      "centerline",
      "centerline",
      "centerline",
      "centerline",
      "centerline",
      "centerline",
      "centerline",
      "centerline",
      "centerline",
      "centerline",
      "centerline",
      "centerline",
      "centerline",
      "centerline",
      "centerline",
      "centerline",
      "centerline",
      "centerline",
      "centerline",
      "centerline",
      "centerline",
      "centerline",
      "centerline",
      "centerline",
      "centerline",
      "centerline",
      "centerline",
      "centerline",
      "centerline",
      "centerline",
      "centerline",
      "centerline",
      "centerline"
    ],
    "ux": [
      0.019929494708776474,
      0.01840243488550186,
      0.016981391236186028,
      0.015653006732463837,
      0.014403237029910088,
      0.013225455768406391,
      0.012116876430809498,
      0.011078843846917152,
      0.010112762451171875,
      0.009225062094628811,
      0.008416038937866688,
      0.007694500498473644,
      0.007054310292005539,
      0.006511989515274763,
      0.006056373938918114,
      0.005720231682062149,
      0.005483175162225962,
      0.005388639401644468,
      0.005391019396483898,
      0.00553490174934268,
      0.005756080150604248,
      0.006121588405221701,
      0.006578952074050903,
      0.0072097801603376865,
      0.007941456511616707,
      0.008810145780444145,
      0.009715881198644638,
      0.010695302858948708,
      0.011718913912773132,
      0.012879449874162674,
      0.014184093102812767,
      0.01566283404827118,
      0.01724022626876831,
      0.018862878903746605,
      0.020469479262828827,
      0.022077687084674835,
      0.023727502673864365,
      0.025469353422522545,
      0.027298251166939735,
      0.02915968745946884,
      0.030971502885222435,
      0.03268607333302498,
      0.03432341665029526,
      0.035969678312540054,
      0.037726882845163345,
      0.03965134546160698,
      0.04171180725097656,
      0.04379275068640709
    ],
    "y_index": 24,
    "z_index": 24
  },
  "final_flux_imbalance_rel": 0.5348760352869728,
  "final_outlet_reflection_proxy": {
    "fluid_cell_count": 2116,
    "negative_ux_fraction": 0.0,
    "proxy_name": "outlet_near_plane_ux_density_variation",
    "rho_peak_to_peak": 0.008536338806152344,
    "rho_std": 0.001872493546648809,
    "ux_std": 0.009438772741033177,
    "x_index": 46
  },
  "geometry_mode": "duct_only",
  "name": "duct_only_48_convective_plane_flux_controlled_damped_outlet_250step_triage"
}
