step,total_mpm_substeps,coupling_mode,rho_min,rho_max,lbm_max_v,fluid_mean_ux,projection_zone_fluid_mean_ux,far_field_fluid_mean_ux,solid_mean_vx_norm,mpm_min_J,mpm_max_speed,projected_mass,active_cell_count,cell_force_max_norm,hydro_force_max_norm,bb_link_count,bb_max_correction,active_reaction_particle_count,max_grid_reaction_norm,elapsed_seconds
0,0,moving_boundary,1.0,1.0,0.0,0.0,0.0,0.0,0.05208307132124901,1.0,0.0520833320915699,0.0,0,0.0,0.0,0,0.0,0,0.0,2.5143818000215106
1,5,moving_boundary,0.995000422000885,1.005000352859497,0.008402237668633461,3.418478081584908e-05,0.00033403708948753774,3.153369476649459e-08,0.052020035684108734,0.9993891716003418,0.060499608516693115,0.022940369322896004,4850,0.0,0.4197594225406647,6632,0.0016666672891005874,3240,1.0533604836382437e-05,37.46982390002813
2,10,moving_boundary,0.9906210899353027,1.008121132850647,0.0071789575740695,1.6552512533962727e-05,8.612613601144403e-05,2.6285611056664493e-06,0.052052561193704605,0.9983530044555664,0.06719376891851425,0.022940371185541153,4850,0.0,0.4162965714931488,6638,0.0019261341076344252,3240,1.0533542990742717e-05,37.59422230004566
3,15,moving_boundary,0.9874670505523682,1.009404182434082,0.007788985967636108,5.149999196873978e-05,0.0003826879255939275,6.189825398905668e-06,0.05199602246284485,0.9970100522041321,0.07109639793634415,0.022940361872315407,4850,0.0,0.4204602837562561,6638,0.002123650861904025,3252,1.0533140994084533e-05,37.691774200007785
4,20,moving_boundary,0.9864398241043091,1.0081793069839478,0.008422871120274067,3.902125172317028e-05,0.00014371662109624594,1.350202910543885e-05,0.052026331424713135,0.9955960512161255,0.07782872021198273,0.022940335795283318,4850,0.0,0.41602811217308044,6630,0.002249704208225012,3257,1.0532146006880794e-05,37.745627199998125
5,25,moving_boundary,0.986341655254364,1.0077155828475952,0.008958621881902218,6.762003613403067e-05,0.0003681438975036144,2.117327312589623e-05,0.05198419839143753,0.994580090045929,0.08123506605625153,0.02294040098786354,4850,0.0,0.419963002204895,6636,0.002428775653243065,3257,1.053034884535009e-05,37.80110650003189
