{
  "centerline_profile_x": {
    "axis": "x",
    "source": [
      "centerline",
      "centerline",
      "centerline",
      "centerline",
      "centerline",
      "centerline",
      "centerline",
      "centerline",
      "centerline",
      "centerline",
      "centerline",
      "centerline",
      "centerline",
      "centerline",
      "centerline",
      "centerline",
      "centerline",
      "centerline",
      "centerline",
      "centerline",
      "centerline",
      "centerline",
      "centerline",
      "centerline",
      "centerline",
      "centerline",
      "centerline",
      "centerline",
      "centerline",
      "centerline",
      "centerline",
      "centerline",
      "centerline",
      "centerline",
      "centerline",
      "centerline",
      "centerline",
      "centerline",
      "centerline",
      "centerline",
      "centerline",
      "centerline",
      "centerline",
      "centerline",
      "centerline",
      "centerline",
      "centerline",
      "centerline"
    ],
    "ux": [
      0.019974377006292343,
      0.02007182501256466,
      0.020233063027262688,
      0.02045227587223053,
      0.02070971019566059,
      0.020980697125196457,
      0.02124112658202648,
      0.02146821841597557,
      0.02164170704782009,
      0.021744759753346443,
      0.021770969033241272,
      0.02172793075442314,
      0.02164284884929657,
      0.021552130579948425,
      0.021487906575202942,
      0.021457530558109283,
      0.021442512050271034,
      0.021413026377558708,
      0.021355075761675835,
      0.02128228358924389,
      0.02122483216226101,
      0.02120331861078739,
      0.021215248852968216,
      0.02124299854040146,
      0.021272778511047363,
      0.021303249523043633,
      0.021340444684028625,
      0.021390371024608612,
      0.021456317976117134,
      0.021539626643061638,
      0.021640243008732796,
      0.021757075563073158,
      0.021888941526412964,
      0.022035913541913033,
      0.02219947800040245,
      0.02238158881664276,
      0.022582104429602623,
      0.02279745414853096,
      0.02302175760269165,
      0.023248901590704918,
      0.02347448654472828,
      0.023696452379226685,
      0.023913515731692314,
      0.024122290313243866,
      0.02431647665798664,
      0.024486562237143517,
      0.024622885510325432,
      0.024718839675188065
    ],
    "y_index": 24,
    "z_index": 24
  },
  "final_flux_imbalance_rel": 0.09465979972133136,
  "final_outlet_reflection_proxy": {
    "fluid_cell_count": 2116,
    "negative_ux_fraction": 0.001890359168241966,
    "proxy_name": "outlet_near_plane_ux_density_variation",
    "rho_peak_to_peak": 0.00013625621795654297,
    "rho_std": 2.574462756288833e-05,
    "ux_std": 0.0066061259652775125,
    "x_index": 46
  },
  "geometry_mode": "duct_only",
  "name": "duct_only_48_regularized_plane_flux_controlled_gain0p50_cap0p005_rho0p001_alpha0p02_du0p0005_slew0p50_offset2_guard_on_min0p70_ramp100_target0p85_out5_250step_ramp_refined"
}
