{
  "centerline_profile_x": {
    "axis": "x",
    "source": [
      "centerline",
      "centerline",
      "centerline",
      "centerline",
      "centerline",
      "centerline",
      "centerline",
      "centerline",
      "centerline",
      "centerline",
      "centerline",
      "centerline",
      "centerline",
      "centerline",
      "centerline",
      "centerline",
      "centerline",
      "centerline",
      "centerline",
      "centerline",
      "centerline",
      "centerline",
      "centerline",
      "centerline",
      "centerline",
      "centerline",
      "centerline",
      "centerline",
      "centerline",
      "centerline",
      "centerline",
      "centerline",
      "centerline",
      "centerline",
      "centerline",
      "centerline",
      "centerline",
      "centerline",
      "centerline",
      "centerline",
      "centerline",
      "centerline",
      "centerline",
      "centerline",
      "centerline",
      "centerline",
      "centerline",
      "centerline"
    ],
    "ux": [
      0.019963422790169716,
      0.01947135291993618,
      0.01902163028717041,
      0.018623540177941322,
      0.01828587055206299,
      0.01801798865199089,
      0.01781868003308773,
      0.0176677405834198,
      0.017529623582959175,
      0.017375746741890907,
      0.017202090471982956,
      0.01703268103301525,
      0.01689353957772255,
      0.016792668029665947,
      0.016711615025997162,
      0.01662863790988922,
      0.016534026712179184,
      0.016436224803328514,
      0.016345418989658356,
      0.01626724563539028,
      0.016200894489884377,
      0.016146892681717873,
      0.016105668619275093,
      0.01607697829604149,
      0.01605822704732418,
      0.01604711078107357,
      0.016044097021222115,
      0.016054142266511917,
      0.0160838570445776,
      0.016137491911649704,
      0.01621478796005249,
      0.01631210744380951,
      0.01642579957842827,
      0.01655564084649086,
      0.016704481095075607,
      0.016875429078936577,
      0.01706899143755436,
      0.017282435670495033,
      0.01751168817281723,
      0.017754126340150833,
      0.018009614199399948,
      0.018279660493135452,
      0.01856391690671444,
      0.018857451155781746,
      0.019149918109178543,
      0.019426604732871056,
      0.019673176109790802,
      0.019879896193742752
    ],
    "y_index": 24,
    "z_index": 24
  },
  "final_flux_imbalance_rel": 0.12858611662529199,
  "final_outlet_reflection_proxy": {
    "fluid_cell_count": 2116,
    "negative_ux_fraction": 0.005671077504725898,
    "proxy_name": "outlet_near_plane_ux_density_variation",
    "rho_peak_to_peak": 0.00022745132446289062,
    "rho_std": 4.2539508642061996e-05,
    "ux_std": 0.005700560706310199,
    "x_index": 46
  },
  "geometry_mode": "duct_only",
  "name": "duct_only_48_regularized_plane_flux_controlled_gain0p75_cap0p0075_rho0p00025_alpha0p02_du0p0005_slew0p50_offset2_guard_on_min0p70_ramp85_target0p80_out5_250step_density_iso"
}
