{
  "centerline_profile_x": {
    "axis": "x",
    "source": [
      "centerline",
      "centerline",
      "centerline",
      "centerline",
      "centerline",
      "centerline",
      "centerline",
      "centerline",
      "centerline",
      "centerline",
      "centerline",
      "centerline",
      "centerline",
      "centerline",
      "centerline",
      "centerline",
      "centerline",
      "centerline",
      "centerline",
      "centerline",
      "centerline",
      "centerline",
      "centerline",
      "centerline",
      "centerline",
      "centerline",
      "centerline",
      "centerline",
      "centerline",
      "centerline",
      "centerline",
      "centerline",
      "centerline",
      "centerline",
      "centerline",
      "centerline",
      "centerline",
      "centerline",
      "centerline",
      "centerline",
      "centerline",
      "centerline",
      "centerline",
      "centerline",
      "centerline",
      "centerline",
      "centerline",
      "centerline"
    ],
    "ux": [
      0.020000716671347618,
      0.019756395369768143,
      0.01951994001865387,
      0.019307730719447136,
      0.019128520041704178,
      0.01898815855383873,
      0.018885277211666107,
      0.018811021000146866,
      0.018741803243756294,
      0.018664656206965446,
      0.018565533682703972,
      0.018474506214261055,
      0.018397260457277298,
      0.018379054963588715,
      0.018373526632785797,
      0.018390730023384094,
      0.018344158306717873,
      0.01829449087381363,
      0.018207930028438568,
      0.01818034239113331,
      0.01811930350959301,
      0.018044043332338333,
      0.01787777803838253,
      0.01775708980858326,
      0.01771535351872444,
      0.01778296008706093,
      0.017758075147867203,
      0.017505371943116188,
      0.01699519343674183,
      0.016446394845843315,
      0.016063321381807327,
      0.015909355133771896,
      0.015833985060453415,
      0.015676014125347137,
      0.01539913285523653,
      0.01511977706104517,
      0.014952634461224079,
      0.014882724732160568,
      0.014746895991265774,
      0.014355363324284554,
      0.01362687349319458,
      0.012637823820114136,
      0.011558965779840946,
      0.010557150468230247,
      0.009738470427691936,
      0.009150782600045204,
      0.008812312968075275,
      0.008737741969525814
    ],
    "y_index": 24,
    "z_index": 24
  },
  "final_flux_imbalance_rel": 0.6534690502340655,
  "final_outlet_reflection_proxy": {
    "fluid_cell_count": 2116,
    "negative_ux_fraction": 0.166351606805293,
    "proxy_name": "outlet_near_plane_ux_density_variation",
    "rho_peak_to_peak": 0.0019037723541259766,
    "rho_std": 0.0005067664163239345,
    "ux_std": 0.006093060510857497,
    "x_index": 46
  },
  "geometry_mode": "duct_only",
  "name": "duct_only_48_regularized_plane_flux_controlled_gain0p25_cap0p005_rho0p001_alpha0p02_du0p0005_slew0p50_offset1_guard_on_min0p70_250step_triage"
}
