{
  "centerline_profile_x": {
    "axis": "x",
    "source": [
      "centerline",
      "centerline",
      "centerline",
      "centerline",
      "centerline",
      "centerline",
      "centerline",
      "centerline",
      "centerline",
      "centerline",
      "centerline",
      "centerline",
      "centerline",
      "centerline",
      "centerline",
      "centerline",
      "centerline",
      "centerline",
      "centerline",
      "centerline",
      "centerline",
      "centerline",
      "centerline",
      "centerline",
      "centerline",
      "centerline",
      "centerline",
      "centerline",
      "centerline",
      "centerline",
      "centerline",
      "centerline",
      "centerline",
      "centerline",
      "centerline",
      "centerline",
      "centerline",
      "centerline",
      "centerline",
      "centerline",
      "centerline",
      "centerline",
      "centerline",
      "centerline",
      "centerline",
      "centerline",
      "centerline",
      "centerline"
    ],
    "ux": [
      0.019971298053860664,
      0.019984012469649315,
      0.02003360539674759,
      0.0200964342802763,
      0.02014186978340149,
      0.020148558542132378,
      0.020116126164793968,
      0.02006504498422146,
      0.02002543956041336,
      0.020015563815832138,
      0.02002955600619316,
      0.02003963105380535,
      0.020020760595798492,
      0.019970467314124107,
      0.019914701581001282,
      0.019883934408426285,
      0.019892042502760887,
      0.019929107278585434,
      0.019980166107416153,
      0.020039457827806473,
      0.0201104786247015,
      0.020193787291646004,
      0.020283043384552002,
      0.020371094346046448,
      0.020455023273825645,
      0.020534692332148552,
      0.02061126008629799,
      0.020688524469733238,
      0.020771948620676994,
      0.02086552605032921,
      0.020969731733202934,
      0.021082421764731407,
      0.021200843155384064,
      0.021324999630451202,
      0.021457530558109283,
      0.021602189168334007,
      0.021760549396276474,
      0.02193048782646656,
      0.022106867283582687,
      0.022284286096692085,
      0.02245914191007614,
      0.022631436586380005,
      0.022806059569120407,
      0.022990241646766663,
      0.02318297140300274,
      0.02336815930902958,
      0.02352597750723362,
      0.023643583059310913
    ],
    "y_index": 24,
    "z_index": 24
  },
  "final_flux_imbalance_rel": 0.05087033702799071,
  "final_outlet_reflection_proxy": {
    "fluid_cell_count": 2116,
    "negative_ux_fraction": 0.001890359168241966,
    "proxy_name": "outlet_near_plane_ux_density_variation",
    "rho_peak_to_peak": 0.00016510486602783203,
    "rho_std": 2.9181192638611155e-05,
    "ux_std": 0.006508015708162138,
    "x_index": 46
  },
  "geometry_mode": "duct_only",
  "name": "duct_only_48_regularized_plane_flux_controlled_gain0p50_cap0p005_rho0p001_alpha0p02_du0p0005_slew0p50_offset2_guard_on_min0p70_ramp90_target0p80_out5_250step_ramp_refined"
}
