{
  "active_reaction_particle_count_max": 3299,
  "active_reaction_particle_count_min": 3275,
  "bb_link_count_max": 6668,
  "bb_link_count_min": 6616,
  "case": "long_squid_proxy_48_moving_boundary",
  "cell_force_max_norm": 0.0,
  "completed_lbm_steps": 30,
  "elapsed_seconds": 81.59568369999761,
  "estimated_memory_mb": 26.15625,
  "geometry_type": "squid_proxy",
  "hydro_force_max_norm": 0.4203420877456665,
  "lbm_max_v_global": 0.007719209883362055,
  "mode": "moving_boundary",
  "mpm_max_speed_global": 0.06466298550367355,
  "mpm_min_J_global": 0.9938786625862122,
  "mpm_substeps_per_lbm_step": 10,
  "n_grid": 48,
  "n_lbm_steps": 30,
  "n_particles": 4096,
  "notes": "48^3 procedural squid_proxy moving_boundary long-run; not real squid validation",
  "projection_zone_ux_final": 0.000255194230703637,
  "projection_zone_ux_initial": 0.0,
  "rho_max_global": 1.012060523033142,
  "rho_min_global": 0.9910269379615784,
  "rho_span_global": 0.02103358507156372,
  "solid_vx_drift": 0.0006170999258756638,
  "solid_vx_final": 0.026658635586500168,
  "solid_vx_initial": 0.026041535660624504,
  "stable": true,
  "total_mpm_substeps": 300,
  "well_behaved": true
}
