{
  "centerline_profile_x": {
    "axis": "x",
    "source": [
      "centerline",
      "centerline",
      "centerline",
      "centerline",
      "centerline",
      "centerline",
      "centerline",
      "centerline",
      "centerline",
      "centerline",
      "centerline",
      "centerline",
      "centerline",
      "centerline",
      "centerline",
      "centerline",
      "centerline",
      "centerline",
      "centerline",
      "centerline",
      "centerline",
      "centerline",
      "centerline",
      "centerline",
      "centerline",
      "centerline",
      "centerline",
      "centerline",
      "centerline",
      "centerline",
      "centerline",
      "centerline",
      "centerline",
      "centerline",
      "centerline",
      "centerline",
      "centerline",
      "centerline",
      "centerline",
      "centerline",
      "centerline",
      "centerline",
      "centerline",
      "centerline",
      "centerline",
      "centerline",
      "centerline",
      "centerline"
    ],
    "ux": [
      0.01995209977030754,
      0.02179727889597416,
      0.023570947349071503,
      0.025179782882332802,
      0.02655785158276558,
      0.0276787169277668,
      0.02855481021106243,
      0.02922441065311432,
      0.02973519079387188,
      0.03013218753039837,
      0.030456818640232086,
      0.030751369893550873,
      0.031060749664902687,
      0.03142424300312996,
      0.03186166286468506,
      0.03236432000994682,
      0.03289419412612915,
      0.03340006247162819,
      0.033832062035799026,
      0.034163698554039,
      0.03438917547464371,
      0.03452841565012932,
      0.03459718078374863,
      0.03461752086877823,
      0.034588947892189026,
      0.03453792259097099,
      0.034476734697818756,
      0.034462008625268936,
      0.0344986692070961,
      0.03461494296789169,
      0.03474900498986244,
      0.0348953939974308,
      0.034983452409505844,
      0.035053495317697525,
      0.035071540623903275,
      0.03510187193751335,
      0.03509054705500603,
      0.03507489338517189,
      0.03498697280883789,
      0.034877609461545944,
      0.0347127765417099,
      0.03456121310591698,
      0.034395843744277954,
      0.03425956889986992,
      0.03411233797669411,
      0.03397957235574722,
      0.03383472189307213,
      0.033704739063978195
    ],
    "y_index": 24,
    "z_index": 24
  },
  "final_flux_imbalance_rel": 0.32589828826419825,
  "final_outlet_reflection_proxy": {
    "fluid_cell_count": 2116,
    "negative_ux_fraction": 0.0,
    "proxy_name": "outlet_near_plane_ux_density_variation",
    "rho_peak_to_peak": 0.0010907649993896484,
    "rho_std": 0.00020696996982055678,
    "ux_std": 0.007747005577799158,
    "x_index": 46
  },
  "geometry_mode": "duct_only",
  "name": "duct_only_48_regularized_mass_balanced_pressure_outlet_500step_real"
}
