{
  "centerline_profile_x": {
    "axis": "x",
    "source": [
      "centerline",
      "centerline",
      "centerline",
      "centerline",
      "centerline",
      "centerline",
      "centerline",
      "centerline",
      "centerline",
      "centerline",
      "centerline",
      "centerline",
      "centerline",
      "centerline",
      "centerline",
      "centerline",
      "centerline",
      "centerline",
      "centerline",
      "centerline",
      "centerline",
      "centerline",
      "centerline",
      "centerline",
      "centerline",
      "centerline",
      "centerline",
      "centerline",
      "centerline",
      "centerline",
      "centerline",
      "centerline",
      "centerline",
      "centerline",
      "centerline",
      "centerline",
      "centerline",
      "centerline",
      "centerline",
      "centerline",
      "centerline",
      "centerline",
      "centerline",
      "centerline",
      "centerline",
      "centerline",
      "centerline",
      "centerline"
    ],
    "ux": [
      0.019974244758486748,
      0.02007199265062809,
      0.020233752205967903,
      0.02045375108718872,
      0.020712049677968025,
      0.020983869209885597,
      0.02124500460922718,
      0.02147260680794716,
      0.021646350622177124,
      0.021749386563897133,
      0.021775225177407265,
      0.021731585264205933,
      0.021645789965987206,
      0.021554309874773026,
      0.021489188075065613,
      0.021458018571138382,
      0.021442260593175888,
      0.021412082016468048,
      0.02135353907942772,
      0.021280519664287567,
      0.021223315969109535,
      0.021202458068728447,
      0.021215243265032768,
      0.021243980154395103,
      0.021275203675031662,
      0.021307531744241714,
      0.021347196772694588,
      0.021399781107902527,
      0.02146860398352146,
      0.021554971113801003,
      0.021658839657902718,
      0.021779345348477364,
      0.021915487945079803,
      0.02206738479435444,
      0.022236444056034088,
      0.02242441102862358,
      0.02263089083135128,
      0.022852163761854172,
      0.023082347586750984,
      0.0233154296875,
      0.023546960204839706,
      0.02377495914697647,
      0.023998083546757698,
      0.024213090538978577,
      0.024413350969552994,
      0.02458960935473442,
      0.024731867015361786,
      0.024833694100379944
    ],
    "y_index": 24,
    "z_index": 24
  },
  "final_flux_imbalance_rel": 0.09824078452100846,
  "final_outlet_reflection_proxy": {
    "fluid_cell_count": 2116,
    "negative_ux_fraction": 0.001890359168241966,
    "proxy_name": "outlet_near_plane_ux_density_variation",
    "rho_peak_to_peak": 0.00014102458953857422,
    "rho_std": 2.666285705092603e-05,
    "ux_std": 0.006673943239025008,
    "x_index": 46
  },
  "geometry_mode": "duct_only",
  "name": "duct_only_48_regularized_plane_flux_controlled_gain0p50_cap0p005_rho0p001_alpha0p02_du0p0005_slew0p50_offset2_guard_on_min0p70_ramp100_target0p90_out5_250step_ramp_tuned"
}
