step,total_mpm_substeps,coupling_mode,rho_min,rho_max,lbm_max_v,fluid_mean_ux,projection_zone_fluid_mean_ux,far_field_fluid_mean_ux,solid_mean_vx_norm,mpm_min_J,mpm_max_speed,projected_mass,active_cell_count,cell_force_max_norm,hydro_force_max_norm,bb_link_count,bb_max_correction,active_reaction_particle_count,max_grid_reaction_norm,elapsed_seconds
0,0,moving_boundary,1.0,1.0,0.0,0.0,0.0,0.0,0.01952994056046009,1.0,0.01953125,0.0,0,0.0,0.0,0,0.0,0,0.0,4.626117400010116
5,25,moving_boundary,0.9922732710838318,1.0027772188186646,0.005351910833269358,2.9013679522904567e-05,0.00016246203449554741,9.572401722834911e-06,0.021256601437926292,0.9955477714538574,0.04163367673754692,0.026999985799193382,10164,0.0,0.40235456824302673,11186,0.0017698676092550159,16570,2.0407289866852807e-06,149.19033250003122
