{
  "active_reaction_particle_count_max": 16570,
  "active_reaction_particle_count_min": 16570,
  "area_proxy_total": 8619.66961675653,
  "area_weighted_balance_error_x": 2.69739830471849e-06,
  "area_weighted_fluid_impulse_x": 1.9783281221786488,
  "area_weighted_solid_force_x": -1.9783254247803441,
  "axis_link_count": 2424,
  "bb_link_count_max": 11186,
  "bb_link_count_min": 11186,
  "bb_net_fluid_impulse_x": 2.545177459716797,
  "bb_net_solid_force_x": -2.5451736450195312,
  "case": "box_64_link_budget",
  "cell_force_max_norm": 0.0,
  "completed_lbm_steps": 5,
  "elapsed_seconds": 149.19033250003122,
  "estimated_memory_mb": 64.375,
  "face_diagonal_link_count": 8762,
  "geometry_type": "box",
  "hydro_force_max_norm": 0.40235456824302673,
  "hydro_vs_directional_solid_error_x": 6.815791130065918e-05,
  "lbm_max_v_global": 0.005351910833269358,
  "mode": "moving_boundary",
  "mpm_max_speed_global": 0.04163367673754692,
  "mpm_min_J_global": 0.9955477714538574,
  "mpm_substeps_per_lbm_step": 5,
  "n_grid": 64,
  "n_lbm_steps": 5,
  "n_particles": 32768,
  "notes": "64^3 box moving_boundary link-area proxy feasibility; not full validation",
  "policy": "inverse_length",
  "projection_zone_ux_final": 0.00016246203449554741,
  "projection_zone_ux_initial": 0.0,
  "rho_max_global": 1.0027772188186646,
  "rho_min_global": 0.9922732710838318,
  "rho_span_global": 0.010503947734832764,
  "scalar_vs_directional_impulse_error_x": 0.0,
  "scalar_vs_directional_solid_error_x": 0.0,
  "solid_vx_drift": 0.0017266608774662018,
  "solid_vx_final": 0.021256601437926292,
  "solid_vx_initial": 0.01952994056046009,
  "stable": true,
  "total_link_count": 11186,
  "total_mpm_substeps": 25,
  "well_behaved": true
}
