{
  "density_gate_pass": true,
  "executed_nx": 48,
  "final_diagnostics": {
    "all_finite": true,
    "centerline_ux_profile": {
      "axis": "x",
      "source": [
        "centerline",
        "centerline",
        "centerline",
        "centerline",
        "centerline",
        "centerline",
        "centerline",
        "centerline",
        "centerline",
        "centerline",
        "centerline",
        "centerline",
        "centerline",
        "centerline",
        "centerline",
        "centerline",
        "centerline",
        "centerline",
        "centerline",
        "centerline",
        "centerline",
        "centerline",
        "centerline",
        "centerline",
        "centerline",
        "centerline",
        "centerline",
        "centerline",
        "centerline",
        "centerline",
        "centerline",
        "centerline",
        "centerline",
        "centerline",
        "centerline",
        "centerline",
        "centerline",
        "centerline",
        "centerline",
        "centerline",
        "centerline",
        "centerline",
        "centerline",
        "centerline",
        "centerline",
        "centerline",
        "centerline",
        "centerline"
      ],
      "ux": [
        0.019954727962613106,
        0.022841937839984894,
        0.025635462254285812,
        0.028206579387187958,
        0.030454562976956367,
        0.03232339397072792,
        0.033806562423706055,
        0.03493877500295639,
        0.035777878016233444,
        0.03638547286391258,
        0.0368177555501461,
        0.037130579352378845,
        0.037389177829027176,
        0.03766616806387901,
        0.03802263364195824,
        0.03848545625805855,
        0.03903577849268913,
        0.0396200530230999,
        0.040169935673475266,
        0.04063211381435394,
        0.040975168347358704,
        0.041202086955308914,
        0.04132241755723953,
        0.041361384093761444,
        0.04132503271102905,
        0.0412454791367054,
        0.041141118854284286,
        0.041078705340623856,
        0.04107803851366043,
        0.041183020919561386,
        0.04134085774421692,
        0.04154444485902786,
        0.04171216860413551,
        0.041871458292007446,
        0.04198097065091133,
        0.04210513085126877,
        0.042195744812488556,
        0.042293861508369446,
        0.04233219102025032,
        0.04235733300447464,
        0.042333412915468216,
        0.042328815907239914,
        0.04231955111026764,
        0.04234994202852249,
        0.04237768054008484,
        0.04242119938135147,
        0.042444031685590744,
        0.04246455803513527
      ],
      "y_index": 24,
      "z_index": 24
    },
    "fluid_cell_count": 101568,
    "flux_balance_reported": true,
    "flux_imbalance_abs": 34.73635815396338,
    "flux_imbalance_rel": 0.45028733921896075,
    "inlet_flux": 42.40629083593453,
    "inlet_mean_ux": 0.019954517386881865,
    "mach_proxy_observed": 0.07358358898142114,
    "mass_total": 101868.35298979282,
    "mass_total_delta_from_initial": 300.3529897928238,
    "mass_total_delta_rel": 0.002957161603977865,
    "max_v": 0.042483504906362275,
    "midplane_mean_ux": 0.035865372735637266,
    "outlet_flux": 77.1426489898979,
    "outlet_mean_ux": 0.03645637347167076,
    "outlet_reflection_proxy": {
      "fluid_cell_count": 2116,
      "negative_ux_fraction": 0.0,
      "proxy_name": "outlet_near_plane_ux_density_variation",
      "rho_peak_to_peak": 0.00041347742080688477,
      "rho_std": 9.061468098558691e-05,
      "ux_std": 0.009455035754458467,
      "x_index": 46
    },
    "rho_max": 1.0115668773651123,
    "rho_mean": 1.0029571616039779,
    "rho_min": 0.999863862991333,
    "rho_std": 0.0018148826256459082,
    "step": 500
  },
  "finite_pass": true,
  "flux_balance_reported": true,
  "flux_imbalance_rel_final": 0.45028733921896075,
  "geometry_mode": "duct_only",
  "lbm_open_boundary_semantics": "regularized_velocity_pressure",
  "long_window_gates": {
    "density_range_gate_pass": true,
    "flux_development_gate_pass": true,
    "flux_imbalance_trend_reported": true,
    "mass_drift_gate_pass": true,
    "outlet_reflection_proxy_gate_pass": true,
    "regularized_vs_legacy_comparison_reported": false,
    "requested_window_completed": true
  },
  "long_window_schema_version": 1,
  "mass_drift_gate_pass": true,
  "mass_total_delta_rel_final": 0.002957161603977865,
  "name": "duct_only_48_regularized_boundary_500step_full",
  "not_used_for_validation": false,
  "physical_reynolds_direct_simulation_feasible_with_current_lbm": false,
  "profile_only": false,
  "requested_n_steps": 500,
  "requested_nx": 48,
  "requested_window_completed": true,
  "row_source": "computed",
  "runtime_s": 39.77319059998263,
  "skipped_due_to_tau_margin": false,
  "skipped_reason": null,
  "step117_gate_pass": true,
  "step117_validation_claimed": true,
  "steps_completed": 500,
  "summary_row": {
    "density_gate_pass": true,
    "executed_nx": 48,
    "finite_pass": true,
    "flux_balance_reported": true,
    "flux_imbalance_rel_final": 0.45028733921896075,
    "geometry_mode": "duct_only",
    "lbm_open_boundary_semantics": "regularized_velocity_pressure",
    "long_window_schema_version": 1,
    "mass_drift_gate_pass": true,
    "mass_total_delta_rel_final": 0.002957161603977865,
    "name": "duct_only_48_regularized_boundary_500step_full",
    "not_used_for_validation": false,
    "profile_only": false,
    "requested_n_steps": 500,
    "requested_nx": 48,
    "requested_window_completed": true,
    "row_source": "computed",
    "runtime_s": 39.77319059998263,
    "skipped_due_to_tau_margin": false,
    "step117_validation_claimed": true,
    "steps_completed": 500,
    "tau_margin_pass": true
  },
  "tau_feasibility_report": {
    "lbm_min_tau_margin": 0.0001,
    "lbm_niu": 0.1,
    "lbm_relaxation_semantics": "legacy_external_solver_relaxation_parameter",
    "lbm_tau_stability_policy": "report_only",
    "lbm_viscosity_semantics": "legacy_external",
    "mach_proxy": 0.034641016151377546,
    "physical_reynolds_direct_simulation_feasible_with_current_lbm": null,
    "reynolds_from_config": null,
    "target_reynolds_match": null,
    "target_reynolds_number": null,
    "tau": 0.5333333333333333,
    "tau_margin_pass": true,
    "tau_minus_half": 0.033333333333333326
  },
  "tau_margin_pass": true,
  "timeseries_trend_summary": {
    "flux_imbalance_rel_final": 0.45028733921896075,
    "flux_imbalance_rel_max": 1.0000010802610595,
    "flux_imbalance_rel_min": 0.0,
    "flux_imbalance_rel_tail_mean": 0.5745619222949475,
    "mach_proxy_observed_max": 0.07878320346314967,
    "mass_drift_abs_max": 0.028545426931901218,
    "mass_drift_final": 0.002957161603977865,
    "mass_drift_tail_mean": 0.015561467362694934,
    "max_v_global": 0.04548550372707051,
    "midplane_mean_ux_tail_mean": 0.02559620064046385,
    "negative_ux_fraction_tail_mean": 0.10649023314429741,
    "outlet_flux_final": 77.1426489898979,
    "outlet_flux_tail_mean": 52.199856553645965,
    "record_count": 11,
    "rho_max_global": 1.0538930892944336,
    "rho_min_global": 0.9617736339569092,
    "rho_std_outlet_tail_mean": 0.0002289372663328282,
    "step_final": 500,
    "step_initial": 0,
    "tail_fraction": 0.2,
    "tail_record_count": 3,
    "ux_std_outlet_tail_mean": 0.007084025077321657
  }
}
