{
  "centerline_profile_x": {
    "axis": "x",
    "source": [
      "centerline",
      "centerline",
      "centerline",
      "centerline",
      "centerline",
      "centerline",
      "centerline",
      "centerline",
      "centerline",
      "centerline",
      "centerline",
      "centerline",
      "centerline",
      "centerline",
      "centerline",
      "centerline",
      "centerline",
      "centerline",
      "centerline",
      "centerline",
      "centerline",
      "centerline",
      "centerline",
      "centerline",
      "centerline",
      "centerline",
      "centerline",
      "centerline",
      "centerline",
      "centerline",
      "centerline",
      "centerline",
      "centerline",
      "centerline",
      "centerline",
      "centerline",
      "centerline",
      "centerline",
      "centerline",
      "centerline",
      "centerline",
      "centerline",
      "centerline",
      "centerline",
      "centerline",
      "centerline",
      "centerline",
      "centerline"
    ],
    "ux": [
      0.01996348612010479,
      0.01947147212922573,
      0.019021712243556976,
      0.01862368918955326,
      0.01828613132238388,
      0.01801818236708641,
      0.0178189929574728,
      0.017668111249804497,
      0.01753007434308529,
      0.017376167699694633,
      0.017202602699398994,
      0.017033154144883156,
      0.01689409650862217,
      0.016793163493275642,
      0.016712209209799767,
      0.01662924513220787,
      0.016534674912691116,
      0.01643688976764679,
      0.01634608581662178,
      0.016267895698547363,
      0.01620158739387989,
      0.016147634014487267,
      0.01610638201236725,
      0.016077866777777672,
      0.01605907641351223,
      0.016047917306423187,
      0.016044974327087402,
      0.016054963693022728,
      0.01608465611934662,
      0.01613839901983738,
      0.016215717419981956,
      0.016312962397933006,
      0.01642666757106781,
      0.016556594520807266,
      0.01670539751648903,
      0.016876373440027237,
      0.017069922760128975,
      0.01728336699306965,
      0.01751255989074707,
      0.01775498315691948,
      0.01801047846674919,
      0.018280494958162308,
      0.018564732745289803,
      0.01885831169784069,
      0.019150730222463608,
      0.019427480176091194,
      0.019674057140946388,
      0.019880739971995354
    ],
    "y_index": 24,
    "z_index": 24
  },
  "final_flux_imbalance_rel": 0.12854687639920187,
  "final_outlet_reflection_proxy": {
    "fluid_cell_count": 2116,
    "negative_ux_fraction": 0.005671077504725898,
    "proxy_name": "outlet_near_plane_ux_density_variation",
    "rho_peak_to_peak": 0.00022733211517333984,
    "rho_std": 4.252021814392574e-05,
    "ux_std": 0.005700750373335812,
    "x_index": 46
  },
  "geometry_mode": "duct_only",
  "name": "duct_only_48_regularized_plane_flux_controlled_gain0p75_cap0p0075_rho0p0005_alpha0p02_du0p0005_slew0p50_offset2_guard_on_min0p70_ramp85_target0p80_out5_250step_density_iso"
}
