step,inlet_flux,outlet_flux,flux_imbalance_abs,flux_imbalance_rel
0,0.0,0.0,0.0,0.0
5,0.39423167488928157,-3.576278757577694e-07,0.3942320325171573,1.000000907151552
