step,rho_min,rho_max,rho_mean,mass_total,mass_total_delta_from_initial,mass_total_delta_rel
0,1.0,1.0,1.0,128.0,0.0,0.0
5,0.9999998807907104,1.0495234727859497,1.012363463640213,129.58252334594727,1.5825233459472656,0.012363463640213013
