step,rho_min,rho_max,rho_mean,mass_total,mass_total_delta_from_initial,mass_total_delta_rel,inlet_mean_ux,outlet_mean_ux,midplane_mean_ux,inlet_flux,outlet_flux,flux_imbalance_abs,flux_imbalance_rel,max_v,mach_proxy_observed
0,1.0,1.0,1.0,128.0,0.0,0.0,0.0,0.0,0.0,0.0,0.0,0.0,0.0,0.0,0.0
5,0.9999998807907104,1.0495234727859497,1.012363463640213,129.58252334594727,1.5825233459472656,0.012363463640213013,0.023527151788584888,-2.2351743567128324e-08,0.00010870609003177378,0.39423167488928157,-3.576278757577694e-07,0.3942320325171573,1.000000907151552,0.02661791807902254,0.04610358650457321
