{
  "anomaly_cell": [
    4,
    4,
    43
  ],
  "f_shape": [
    48,
    48,
    48,
    19
  ],
  "field_stats": {
    "F_min": 0.02473238669335842,
    "f_min": 0.02473238669335842,
    "max_v": 0.026456743478775024,
    "rho_max": 1.0060499906539917,
    "rho_min": 0.9689143300056458
  },
  "local_window": {
    "bounds": [
      [
        3,
        6
      ],
      [
        3,
        6
      ],
      [
        42,
        45
      ]
    ],
    "max_v": 0.0264567,
    "rho_max": 0.9781457,
    "rho_min": 0.9779103
  },
  "raw_arrays_committed_to_git": false,
  "reason": "final",
  "rho_shape": [
    48,
    48,
    48
  ],
  "runtime_npz_path": "D:\\working\\squid robot\\LBM\\MPM-LBM\\outputs\\tmp\\step120_failure_snapshots\\duct_only_48_regularized_plane_flux_controlled_gain0p25_cap0p005_rho0p001_alpha0p01_du0p0005_slew0p50_offset1_guard_on_min0p70_250step_triage\\snapshot_step_000250_final.npz",
  "snapshot_payload_omitted_from_git": true,
  "step": 250
}
