{
  "centerline_profile_x": {
    "axis": "x",
    "source": [
      "centerline",
      "centerline",
      "centerline",
      "centerline",
      "centerline",
      "centerline",
      "centerline",
      "centerline",
      "centerline",
      "centerline",
      "centerline",
      "centerline",
      "centerline",
      "centerline",
      "centerline",
      "centerline",
      "centerline",
      "centerline",
      "centerline",
      "centerline",
      "centerline",
      "centerline",
      "centerline",
      "centerline",
      "centerline",
      "centerline",
      "centerline",
      "centerline",
      "centerline",
      "centerline",
      "centerline",
      "centerline",
      "centerline",
      "centerline",
      "centerline",
      "centerline",
      "centerline",
      "centerline",
      "centerline",
      "centerline",
      "centerline",
      "centerline",
      "centerline",
      "centerline",
      "centerline",
      "centerline",
      "centerline",
      "centerline"
    ],
    "ux": [
      0.0199899822473526,
      0.019727803766727448,
      0.019530683755874634,
      0.019412759691476822,
      0.019366757944226265,
      0.01936514861881733,
      0.019369296729564667,
      0.019348574802279472,
      0.019294939935207367,
      0.01921967789530754,
      0.01913711614906788,
      0.019048219546675682,
      0.01893937960267067,
      0.01879110373556614,
      0.018597587943077087,
      0.018371880054473877,
      0.018146751448512077,
      0.01795826479792595,
      0.017837341874837875,
      0.01779956743121147,
      0.017848826944828033,
      0.01797761395573616,
      0.01817329227924347,
      0.01841817982494831,
      0.018693946301937103,
      0.018985295668244362,
      0.0192848090082407,
      0.019593020901083946,
      0.01991542987525463,
      0.020257096737623215,
      0.020618366077542305,
      0.02099539525806904,
      0.021383926272392273,
      0.02178255282342434,
      0.02219332382082939,
      0.022619089111685753,
      0.023059522733092308,
      0.023510048165917397,
      0.023963050916790962,
      0.02441124990582466,
      0.02484970912337303,
      0.025275252759456635,
      0.02568313106894493,
      0.026063689962029457,
      0.026400156319141388,
      0.02667107991874218,
      0.02685537189245224,
      0.026939354836940765
    ],
    "y_index": 24,
    "z_index": 24
  },
  "final_flux_imbalance_rel": 0.16733092312039197,
  "final_outlet_reflection_proxy": {
    "fluid_cell_count": 2116,
    "negative_ux_fraction": 0.001890359168241966,
    "proxy_name": "outlet_near_plane_ux_density_variation",
    "rho_peak_to_peak": 0.0004068613052368164,
    "rho_std": 7.860291565091157e-05,
    "ux_std": 0.007550956895477277,
    "x_index": 46
  },
  "geometry_mode": "duct_only",
  "name": "duct_only_48_regularized_plane_flux_controlled_gain0p25_cap0p005_rho0p001_alpha0p02_du0p0005_slew0p50_offset2_guard_on_min0p70_ramp50_niu0p10_out5_250step_interior_diag"
}
