{
  "centerline_profile_x": {
    "axis": "x",
    "source": [
      "centerline",
      "centerline",
      "centerline",
      "centerline",
      "centerline",
      "centerline",
      "centerline",
      "centerline",
      "centerline",
      "centerline",
      "centerline",
      "centerline",
      "centerline",
      "centerline",
      "centerline",
      "centerline",
      "centerline",
      "centerline",
      "centerline",
      "centerline",
      "centerline",
      "centerline",
      "centerline",
      "centerline",
      "centerline",
      "centerline",
      "centerline",
      "centerline",
      "centerline",
      "centerline",
      "centerline",
      "centerline",
      "centerline",
      "centerline",
      "centerline",
      "centerline",
      "centerline",
      "centerline",
      "centerline",
      "centerline",
      "centerline",
      "centerline",
      "centerline",
      "centerline",
      "centerline",
      "centerline",
      "centerline",
      "centerline"
    ],
    "ux": [
      0.019994165748357773,
      0.01974666491150856,
      0.01951938308775425,
      0.01933102123439312,
      0.019186604768037796,
      0.019084123894572258,
      0.01901455782353878,
      0.01896797865629196,
      0.018924564123153687,
      0.018879570066928864,
      0.018819991499185562,
      0.01877094991505146,
      0.01872531697154045,
      0.018718833103775978,
      0.018709450960159302,
      0.018722055479884148,
      0.018690980970859528,
      0.018673384562134743,
      0.01861797831952572,
      0.01859677955508232,
      0.018527012318372726,
      0.018459880724549294,
      0.018335923552513123,
      0.018261326476931572,
      0.01821017451584339,
      0.01820540241897106,
      0.018103236332535744,
      0.017858389765024185,
      0.01745000295341015,
      0.017024878412485123,
      0.01668923906981945,
      0.016495393589138985,
      0.016358783468604088,
      0.01620006002485752,
      0.01599312387406826,
      0.015803029760718346,
      0.01568407379090786,
      0.015615061856806278,
      0.015476731583476067,
      0.015129548497498035,
      0.01450037956237793,
      0.013629275374114513,
      0.012639140710234642,
      0.011673127301037312,
      0.01084517315030098,
      0.010228554718196392,
      0.009866006672382355,
      0.009787539951503277
    ],
    "y_index": 24,
    "z_index": 24
  },
  "final_flux_imbalance_rel": 0.6255129423027268,
  "final_outlet_reflection_proxy": {
    "fluid_cell_count": 2116,
    "negative_ux_fraction": 0.16824196597353497,
    "proxy_name": "outlet_near_plane_ux_density_variation",
    "rho_peak_to_peak": 0.001930832862854004,
    "rho_std": 0.0005127820314069364,
    "ux_std": 0.006438697553607,
    "x_index": 46
  },
  "geometry_mode": "duct_only",
  "name": "duct_only_48_regularized_plane_flux_controlled_gain0p25_cap0p005_rho0p001_alpha0p02_du0p0005_slew0p50_offset2_guard_on_min0p70_ramp0_niu0p12_out5_250step_interior_diag"
}
