{
  "centerline_profile_x": {
    "axis": "x",
    "source": [
      "centerline",
      "centerline",
      "centerline",
      "centerline",
      "centerline",
      "centerline",
      "centerline",
      "centerline",
      "centerline",
      "centerline",
      "centerline",
      "centerline",
      "centerline",
      "centerline",
      "centerline",
      "centerline",
      "centerline",
      "centerline",
      "centerline",
      "centerline",
      "centerline",
      "centerline",
      "centerline",
      "centerline",
      "centerline",
      "centerline",
      "centerline",
      "centerline",
      "centerline",
      "centerline",
      "centerline",
      "centerline",
      "centerline",
      "centerline",
      "centerline",
      "centerline",
      "centerline",
      "centerline",
      "centerline",
      "centerline",
      "centerline",
      "centerline",
      "centerline",
      "centerline",
      "centerline",
      "centerline",
      "centerline",
      "centerline"
    ],
    "ux": [
      0.019971152767539024,
      0.019983816891908646,
      0.0200334545224905,
      0.02009662054479122,
      0.020142335444688797,
      0.02014896646142006,
      0.020116006955504417,
      0.020064180716872215,
      0.020023420453071594,
      0.02001212351024151,
      0.020024409517645836,
      0.02003261260688305,
      0.020011508837342262,
      0.019958747550845146,
      0.019899830222129822,
      0.019863994792103767,
      0.019862137734889984,
      0.019879961386322975,
      0.019896766170859337,
      0.019903913140296936,
      0.01990755833685398,
      0.019917737692594528,
      0.019939128309488297,
      0.01997103914618492,
      0.02001097984611988,
      0.02005746401846409,
      0.02011125721037388,
      0.020175890997052193,
      0.020255936309695244,
      0.02035483531653881,
      0.020472383126616478,
      0.02060563862323761,
      0.020751263946294785,
      0.020908469334244728,
      0.021079864352941513,
      0.021269045770168304,
      0.021477531641721725,
      0.02170298621058464,
      0.02194010652601719,
      0.02218339778482914,
      0.022428670898079872,
      0.022674012929201126,
      0.022917553782463074,
      0.023155227303504944,
      0.023378722369670868,
      0.023576783016324043,
      0.023737624287605286,
      0.023853443562984467
    ],
    "y_index": 24,
    "z_index": 24
  },
  "final_flux_imbalance_rel": 0.059376962920240965,
  "final_outlet_reflection_proxy": {
    "fluid_cell_count": 2116,
    "negative_ux_fraction": 0.001890359168241966,
    "proxy_name": "outlet_near_plane_ux_density_variation",
    "rho_peak_to_peak": 0.00018262863159179688,
    "rho_std": 3.3699604978796196e-05,
    "ux_std": 0.006545492062488296,
    "x_index": 46
  },
  "geometry_mode": "duct_only",
  "name": "duct_only_48_regularized_plane_flux_controlled_gain0p50_cap0p005_rho0p001_alpha0p02_du0p0005_slew0p50_offset2_guard_on_min0p70_ramp90_target0p85_out5_250step_ramp_refined"
}
