{
  "centerline_profile_x": {
    "axis": "x",
    "source": [
      "centerline",
      "centerline",
      "centerline",
      "centerline",
      "centerline",
      "centerline",
      "centerline",
      "centerline",
      "centerline",
      "centerline",
      "centerline",
      "centerline",
      "centerline",
      "centerline",
      "centerline",
      "centerline",
      "centerline",
      "centerline",
      "centerline",
      "centerline",
      "centerline",
      "centerline",
      "centerline",
      "centerline",
      "centerline",
      "centerline",
      "centerline",
      "centerline",
      "centerline",
      "centerline",
      "centerline",
      "centerline",
      "centerline",
      "centerline",
      "centerline",
      "centerline",
      "centerline",
      "centerline",
      "centerline",
      "centerline",
      "centerline",
      "centerline",
      "centerline",
      "centerline",
      "centerline",
      "centerline",
      "centerline",
      "centerline"
    ],
    "ux": [
      0.01999693550169468,
      0.01998216100037098,
      0.020004864782094955,
      0.020085100084543228,
      0.02022908814251423,
      0.020434021949768066,
      0.020684413611888885,
      0.020956410095095634,
      0.02122044749557972,
      0.021466979756951332,
      0.02169501595199108,
      0.02193855680525303,
      0.022202441468834877,
      0.022510087117552757,
      0.02280610427260399,
      0.023090580478310585,
      0.023299993947148323,
      0.023505887016654015,
      0.023688022047281265,
      0.02392473816871643,
      0.02411523275077343,
      0.024279914796352386,
      0.024357227608561516,
      0.02449784055352211,
      0.024730445817112923,
      0.025090131908655167,
      0.0253713708370924,
      0.025441907346248627,
      0.025238927453756332,
      0.024963606148958206,
      0.024825066328048706,
      0.02494107559323311,
      0.025189721956849098,
      0.025386309251189232,
      0.025418056175112724,
      0.02535559982061386,
      0.025344116613268852,
      0.025469619780778885,
      0.025655006989836693,
      0.025702740997076035,
      0.025408832356333733,
      0.024684390053153038,
      0.023592166602611542,
      0.022304465994238853,
      0.021023865789175034,
      0.01992606744170189,
      0.01913762092590332,
      0.018740694969892502
    ],
    "y_index": 24,
    "z_index": 24
  },
  "final_flux_imbalance_rel": 0.1902649545915819,
  "final_outlet_reflection_proxy": {
    "fluid_cell_count": 2116,
    "negative_ux_fraction": 0.08695652173913043,
    "proxy_name": "outlet_near_plane_ux_density_variation",
    "rho_peak_to_peak": 0.0033347606658935547,
    "rho_std": 0.0008199365058141273,
    "ux_std": 0.00824882019720641,
    "x_index": 46
  },
  "geometry_mode": "duct_only",
  "name": "duct_only_48_regularized_flux_matched_pressure_outlet_250step_triage"
}
