{
  "centerline_profile_x": {
    "axis": "x",
    "source": [
      "centerline",
      "centerline",
      "centerline",
      "centerline",
      "centerline",
      "centerline",
      "centerline",
      "centerline",
      "centerline",
      "centerline",
      "centerline",
      "centerline",
      "centerline",
      "centerline",
      "centerline",
      "centerline",
      "centerline",
      "centerline",
      "centerline",
      "centerline",
      "centerline",
      "centerline",
      "centerline",
      "centerline",
      "centerline",
      "centerline",
      "centerline",
      "centerline",
      "centerline",
      "centerline",
      "centerline",
      "centerline",
      "centerline",
      "centerline",
      "centerline",
      "centerline",
      "centerline",
      "centerline",
      "centerline",
      "centerline",
      "centerline",
      "centerline",
      "centerline",
      "centerline",
      "centerline",
      "centerline",
      "centerline",
      "centerline"
    ],
    "ux": [
      0.020000725984573364,
      0.019756359979510307,
      0.019519861787557602,
      0.0193076990544796,
      0.019128553569316864,
      0.018988201394677162,
      0.018885307013988495,
      0.018811039626598358,
      0.0187417920678854,
      0.018664628267288208,
      0.0185653418302536,
      0.018474208191037178,
      0.01839696243405342,
      0.018378693610429764,
      0.018372975289821625,
      0.018390117213129997,
      0.018343519419431686,
      0.01829386316239834,
      0.01820731721818447,
      0.018179787322878838,
      0.01811881549656391,
      0.01804361492395401,
      0.017877427861094475,
      0.017756862565875053,
      0.017715126276016235,
      0.01778269000351429,
      0.01775771751999855,
      0.01750488206744194,
      0.016994807869195938,
      0.016446109861135483,
      0.016063282266259193,
      0.015909431502223015,
      0.015834322199225426,
      0.015676816925406456,
      0.01540063414722681,
      0.015121781267225742,
      0.014954452402889729,
      0.014883330091834068,
      0.014745892025530338,
      0.014353460632264614,
      0.01362566277384758,
      0.012639442458748817,
      0.01156487688422203,
      0.010567990131676197,
      0.009753916412591934,
      0.009169835597276688,
      0.008833558298647404,
      0.008759566582739353
    ],
    "y_index": 24,
    "z_index": 24
  },
  "final_flux_imbalance_rel": 0.6524571053931987,
  "final_outlet_reflection_proxy": {
    "fluid_cell_count": 2116,
    "negative_ux_fraction": 0.166351606805293,
    "proxy_name": "outlet_near_plane_ux_density_variation",
    "rho_peak_to_peak": 0.0018981695175170898,
    "rho_std": 0.0005055011964232368,
    "ux_std": 0.006094347197196998,
    "x_index": 46
  },
  "geometry_mode": "duct_only",
  "name": "duct_only_48_regularized_plane_flux_controlled_gain0p25_cap0p005_rho0p001_alpha0p02_du0p0005_slew0p50_offset1_guard_on_min0p50_250step_triage"
}
