{
  "centerline_profile_x": {
    "axis": "x",
    "source": [
      "centerline",
      "centerline",
      "centerline",
      "centerline",
      "centerline",
      "centerline",
      "centerline",
      "centerline",
      "centerline",
      "centerline",
      "centerline",
      "centerline",
      "centerline",
      "centerline",
      "centerline",
      "centerline",
      "centerline",
      "centerline",
      "centerline",
      "centerline",
      "centerline",
      "centerline",
      "centerline",
      "centerline",
      "centerline",
      "centerline",
      "centerline",
      "centerline",
      "centerline",
      "centerline",
      "centerline",
      "centerline",
      "centerline",
      "centerline",
      "centerline",
      "centerline",
      "centerline",
      "centerline",
      "centerline",
      "centerline",
      "centerline",
      "centerline",
      "centerline",
      "centerline",
      "centerline",
      "centerline",
      "centerline",
      "centerline"
    ],
    "ux": [
      0.01997392438352108,
      0.020072221755981445,
      0.020234908908605576,
      0.02045634388923645,
      0.020716292783617973,
      0.02098979987204075,
      0.021252300590276718,
      0.021480780094861984,
      0.021654952317476273,
      0.02175787091255188,
      0.021782947704195976,
      0.02173813059926033,
      0.02165072225034237,
      0.021557433530688286,
      0.021490713581442833,
      0.02145787514746189,
      0.021440334618091583,
      0.021408526226878166,
      0.021348807960748672,
      0.021275384351611137,
      0.021218618378043175,
      0.021198783069849014,
      0.02121312916278839,
      0.021243926137685776,
      0.02127808891236782,
      0.021314404904842377,
      0.021358856931328773,
      0.02141665481030941,
      0.021490897983312607,
      0.02158305235207081,
      0.021693440154194832,
      0.021821312606334686,
      0.02196618914604187,
      0.02212793566286564,
      0.022307898849248886,
      0.02250739187002182,
      0.02272566594183445,
      0.02295876108109951,
      0.02320072427392006,
      0.0234454907476902,
      0.02368900366127491,
      0.0239291749894619,
      0.024164529517292976,
      0.024391790851950645,
      0.024604378268122673,
      0.02479276806116104,
      0.02494708076119423,
      0.025060752406716347
    ],
    "y_index": 24,
    "z_index": 24
  },
  "final_flux_imbalance_rel": 0.10520409042618366,
  "final_outlet_reflection_proxy": {
    "fluid_cell_count": 2116,
    "negative_ux_fraction": 0.001890359168241966,
    "proxy_name": "outlet_near_plane_ux_density_variation",
    "rho_peak_to_peak": 0.00015115737915039062,
    "rho_std": 2.8543458169575102e-05,
    "ux_std": 0.0068095279625009705,
    "x_index": 46
  },
  "geometry_mode": "duct_only",
  "name": "duct_only_48_regularized_plane_flux_controlled_gain0p50_cap0p0075_rho0p001_alpha0p02_du0p0005_slew0p50_offset2_guard_on_min0p70_ramp100_target1p00_out5_250step_ramp_tuned"
}
