{
  "max_abs_active_cell_count_delta": 0.0,
  "max_abs_lbm_max_v_delta": 1.708976924419403e-07,
  "max_abs_mpm_min_J_delta": 2.980232238769531e-07,
  "max_abs_projected_mass_delta": 2.086162567138672e-06,
  "max_abs_rho_max_delta": 5.960464477539062e-07,
  "max_abs_rho_min_delta": 1.0728836059570312e-06,
  "required_comparable_row_count": 15,
  "stable_both_count": 15
}
