{
  "artifact": "flow_development_diagnostics",
  "bounded_size_artifact": true,
  "controller_authority_ratio_tail_max": 0.4388790111988783,
  "controller_authority_ratio_tail_mean": 0.35439183314641315,
  "controller_filtered_flux_error_tail_mean": -29.995723088582356,
  "controller_measured_outlet_flux_tail_mean": 61.84119542439779,
  "controller_raw_flux_error_tail_mean": -22.190582275390625,
  "controller_saturation_fraction_tail": 0.0,
  "controller_tail_record_count": 3,
  "controller_target_outlet_flux_tail_mean": 39.650613149007164,
  "controller_u_feedback_tail_abs_max": 0.0008777580223977566,
  "controller_u_feedback_tail_mean": -0.0007087836662928263,
  "controller_u_feedback_tail_std": 0.00011995009028616844,
  "final": {
    "controller_authority_ratio": 0.30567162320949137,
    "controller_filtered_flux_error": -25.872045516967773,
    "controller_measured_outlet_flux": 76.17782592773438,
    "controller_raw_flux_error": -37.16237258911133,
    "controller_saturation_count_run": 0,
    "controller_saturation_count_step": 0,
    "controller_saturation_fraction_run": 0.0,
    "controller_target_outlet_flux": 39.01545333862305,
    "controller_u_feedback": -0.0006113432464189827,
    "controller_u_feedback_abs": 0.0006113432464189827,
    "correction_delta_abs_sum": 6.479032516479492,
    "correction_delta_abs_sum_run": 1588.5902099609375,
    "correction_gain_effective": 0.05000000074505806,
    "flow_correction_cap_u": 0.002,
    "lbm_open_boundary_semantics": "convective_plane_flux_controlled_damped_outlet",
    "mass_total_delta_rel": -0.025274681861652618,
    "midplane_flux": 0.560855698729834,
    "outlet_flux_after_correction": 76.98259631939345,
    "outlet_flux_error": -37.89125792287834,
    "outlet_flux_error_filtered": -25.872045516967773,
    "outlet_flux_raw_before_correction": 76.98259631939345,
    "outlet_plane_negative_ux_fraction": 0.0,
    "outlet_plane_ux_max": 0.0414268784224987,
    "outlet_plane_ux_mean": 0.03615388877153756,
    "outlet_plane_ux_min": 0.006031317170709372,
    "row_role": "plane_flux_control_candidate_48",
    "sampled_x_profile_flux": "0:39.0913383965;24:0.56085569873;47:76.9825963194",
    "selected96_claim_allowed": false,
    "step": 250,
    "step132_authority_sweep_candidate": true,
    "target_outlet_flux": 39.09133839651511,
    "validation_claim_allowed": false
  },
  "row_count": 11,
  "selected96_claim_allowed": false,
  "step": 132,
  "validation_claim_allowed": false
}
