{
  "centerline_profile_x": {
    "axis": "x",
    "source": [
      "centerline",
      "centerline",
      "centerline",
      "centerline",
      "centerline",
      "centerline",
      "centerline",
      "centerline",
      "centerline",
      "centerline",
      "centerline",
      "centerline",
      "centerline",
      "centerline",
      "centerline",
      "centerline",
      "centerline",
      "centerline",
      "centerline",
      "centerline",
      "centerline",
      "centerline",
      "centerline",
      "centerline",
      "centerline",
      "centerline",
      "centerline",
      "centerline",
      "centerline",
      "centerline",
      "centerline",
      "centerline",
      "centerline",
      "centerline",
      "centerline",
      "centerline",
      "centerline",
      "centerline",
      "centerline",
      "centerline",
      "centerline",
      "centerline",
      "centerline",
      "centerline",
      "centerline",
      "centerline",
      "centerline",
      "centerline"
    ],
    "ux": [
      0.01993696205317974,
      0.018076911568641663,
      0.016323281452059746,
      0.014670592732727528,
      0.013110009953379631,
      0.011637731455266476,
      0.01025303639471531,
      0.008958597667515278,
      0.007757079787552357,
      0.0066558378748595715,
      0.0056550088338553905,
      0.004764084704220295,
      0.0039752693846821785,
      0.0033056368120014668,
      0.002741525648161769,
      0.002317033475264907,
      0.0020081757102161646,
      0.001859562355093658,
      0.0018203281797468662,
      0.0019361546728760004,
      0.00213921582326293,
      0.0024988094810396433,
      0.0029608686454594135,
      0.00360530661419034,
      0.004355164710432291,
      0.00524171395227313,
      0.006166850216686726,
      0.007170221768319607,
      0.008230923675000668,
      0.009440207853913307,
      0.010800989344716072,
      0.01232842355966568,
      0.013941564597189426,
      0.015586715191602707,
      0.017215285450220108,
      0.018854578956961632,
      0.02054823562502861,
      0.02233603410422802,
      0.024197706952691078,
      0.026066899299621582,
      0.027863522991538048,
      0.029552610591053963,
      0.03116959147155285,
      0.03280722349882126,
      0.034562256187200546,
      0.03647826611995697,
      0.038510993123054504,
      0.0405379943549633
    ],
    "y_index": 24,
    "z_index": 24
  },
  "final_flux_imbalance_rel": 0.4922055079263776,
  "final_outlet_reflection_proxy": {
    "fluid_cell_count": 2116,
    "negative_ux_fraction": 0.0,
    "proxy_name": "outlet_near_plane_ux_density_variation",
    "rho_peak_to_peak": 0.007963776588439941,
    "rho_std": 0.0017741985257194576,
    "ux_std": 0.008793521676376275,
    "x_index": 46
  },
  "geometry_mode": "duct_only",
  "name": "duct_only_48_convective_plane_flux_controlled_damped_gain0p05_cap0p002_250step_triage"
}
