{
  "centerline_profile_x": {
    "axis": "x",
    "source": [
      "centerline",
      "centerline",
      "centerline",
      "centerline",
      "centerline",
      "centerline",
      "centerline",
      "centerline",
      "centerline",
      "centerline",
      "centerline",
      "centerline",
      "centerline",
      "centerline",
      "centerline",
      "centerline",
      "centerline",
      "centerline",
      "centerline",
      "centerline",
      "centerline",
      "centerline",
      "centerline",
      "centerline",
      "centerline",
      "centerline",
      "centerline",
      "centerline",
      "centerline",
      "centerline",
      "centerline",
      "centerline",
      "centerline",
      "centerline",
      "centerline",
      "centerline",
      "centerline",
      "centerline",
      "centerline",
      "centerline",
      "centerline",
      "centerline",
      "centerline",
      "centerline",
      "centerline",
      "centerline",
      "centerline",
      "centerline"
    ],
    "ux": [
      0.01999339833855629,
      0.02007603459060192,
      0.02017863839864731,
      0.02029578574001789,
      0.02041746862232685,
      0.02053452655673027,
      0.020641595125198364,
      0.020736530423164368,
      0.02081899531185627,
      0.02088836580514908,
      0.02094411477446556,
      0.020985634997487068,
      0.021013185381889343,
      0.02102763205766678,
      0.021030541509389877,
      0.021023983135819435,
      0.021010054275393486,
      0.020990489050745964,
      0.02096705697476864,
      0.020941434428095818,
      0.020914023742079735,
      0.020884627476334572,
      0.02085155062377453,
      0.02081267163157463,
      0.020765995606780052,
      0.020711807534098625,
      0.020651621744036674,
      0.02058991976082325,
      0.020530181005597115,
      0.02047612890601158,
      0.02042827382683754,
      0.020387426018714905,
      0.020352553576231003,
      0.02032507210969925,
      0.020306358113884926,
      0.02030087634921074,
      0.020312052220106125,
      0.020344141870737076,
      0.020399263128638268,
      0.020478345453739166,
      0.020579854026436806,
      0.020701002329587936,
      0.02083645388484001,
      0.020979957655072212,
      0.021123873069882393,
      0.021261179819703102,
      0.021385936066508293,
      0.02149524725973606
    ],
    "y_index": 24,
    "z_index": 24
  },
  "final_flux_imbalance_rel": 0.14715617938028439,
  "final_outlet_reflection_proxy": {
    "fluid_cell_count": 2116,
    "negative_ux_fraction": 0.005671077504725898,
    "proxy_name": "outlet_near_plane_ux_density_variation",
    "rho_peak_to_peak": 5.0187110900878906e-05,
    "rho_std": 6.959021921798361e-06,
    "ux_std": 0.006677580067004255,
    "x_index": 46
  },
  "geometry_mode": "duct_only",
  "name": "duct_only_48_regularized_plane_flux_controlled_gain0p75_cap0p0075_rho0p001_alpha0p02_du0p0005_slew0p50_offset2_guard_on_min0p70_ramp85_target0p80_500step_final"
}
