{
  "coupling_time": 0.8094454999663867,
  "diagnostics_time": 4.106934899988119,
  "export_time": 1.100008375942707e-06,
  "init_time": 50.38609230000293,
  "lbm_step_time": 6.660700700012967,
  "mode": "moving_boundary",
  "mpm_substep_time": 42.89603169990005,
  "projection_time": 1.149069299979601,
  "total_time": 106.01305290003074,
  "wall_velocity_application_time": 0.0
}
