{
  "coupling_time": 0.642022400003043,
  "diagnostics_time": 7.003243200002544,
  "export_time": 1.500000053056283e-06,
  "init_time": 34.004955999999765,
  "lbm_step_time": 5.092404599999554,
  "mode": "moving_boundary",
  "mpm_substep_time": 4.342040400000769,
  "projection_time": 0.8157305999966411,
  "total_time": 56.04319859999987,
  "wall_velocity_application_time": 4.1293746999976975
}
