step,time_s,flap_tip_total_displacement_m,flap_tip_x_displacement_m,flap_tip_y_displacement_m
0,0.0,0.0,0.0,0.0
1,0.0005,3.0882552071176406e-09,3.4924596548080444e-10,-2.875458537943132e-09
2,0.001,8.721947608592018e-09,9.196810535350153e-10,-7.974449545145035e-09
3,0.0015,1.6308028705225297e-08,1.5832484212552345e-09,-1.4656689195646777e-08
4,0.002,2.654094188869749e-08,3.7369320970981335e-09,-2.3422762396307917e-08
5,0.0025,3.959370786787986e-08,7.054768769165776e-09,-3.4680123661701145e-08
