{
  "candidate_mass_acceptance_abs_max": 0.005,
  "candidate_mass_acceptance_gate_pass": false,
  "candidate_mass_acceptance_observed_abs": 0.0269232289865613,
  "checkpoint_available": false,
  "code_commit_at_run": "8b5e5ff5767073ad15d46f779c6c1f18348f4b5d",
  "config_hash": "7d52bf46ae17c2dc18b5763fcb39fd4f428109fc7ae20aaf4f137648dec7b6eb",
  "density_gate_pass": true,
  "executed_nx": 8,
  "final_diagnostics": {
    "all_finite": true,
    "centerline_ux_profile": {
      "axis": "x",
      "source": [
        "centerline",
        "centerline",
        "centerline",
        "centerline",
        "centerline",
        "centerline",
        "centerline",
        "centerline"
      ],
      "ux": [
        0.02136300504207611,
        0.026909589767456055,
        0.028219683095812798,
        0.028574591502547264,
        0.031049270182847977,
        0.03805774822831154,
        0.048124611377716064,
        0.05438508465886116
      ],
      "y_index": 3,
      "z_index": 3
    },
    "controller_filtered_flux_error": 0.048543743789196014,
    "controller_measured_outlet_flux": 0.6757586002349854,
    "controller_raw_flux_error": -0.3469279110431671,
    "controller_saturation_count_run": 0,
    "controller_saturation_count_step": 0,
    "controller_saturation_fraction_run": 0.0,
    "controller_target_outlet_flux": 0.32883068919181824,
    "controller_u_feedback": 7.584959803352831e-06,
    "controller_u_feedback_abs": 7.584959803352831e-06,
    "correction_delta_abs_sum": 0.0006067968206480145,
    "correction_delta_abs_sum_run": 0.011141803115606308,
    "correction_gain_effective": 0.0024999999441206455,
    "fluid_cell_count": 128,
    "flux_balance_reported": true,
    "flux_imbalance_abs": 0.3575304664870502,
    "flux_imbalance_rel": 0.5208023307064283,
    "inlet_flux": 0.3289688930724348,
    "inlet_mean_ux": 0.019661925151012838,
    "lbm_open_boundary_semantics": "regularized_plane_flux_controlled_pressure_outlet",
    "mach_proxy_observed": 0.09419800616883552,
    "mass_total": 131.44617331027985,
    "mass_total_delta_from_initial": 3.446173310279846,
    "mass_total_delta_rel": 0.0269232289865613,
    "max_v": 0.05438524421870321,
    "midplane_flux": 0.3621713776690143,
    "midplane_mean_ux": 0.021998425596393645,
    "outlet_flux": 0.686499359559485,
    "outlet_flux_after_correction": 0.686499359559485,
    "outlet_flux_error": -0.3575304664870502,
    "outlet_flux_error_filtered": 0.048543743789196014,
    "outlet_flux_raw_before_correction": 0.686499359559485,
    "outlet_mean_ux": 0.042958550387993455,
    "outlet_plane_negative_ux_fraction": 0.0,
    "outlet_plane_ux_max": 0.05438511073589325,
    "outlet_plane_ux_mean": 0.042958550387993455,
    "outlet_plane_ux_min": 0.03268735483288765,
    "outlet_reflection_proxy": {
      "fluid_cell_count": 16,
      "negative_ux_fraction": 0.0,
      "proxy_name": "outlet_near_plane_ux_density_variation",
      "rho_peak_to_peak": 0.0024641752243041992,
      "rho_std": 0.0008857710485284097,
      "ux_std": 0.007479962876312497,
      "x_index": 6
    },
    "rho_max": 1.0459134578704834,
    "rho_mean": 1.0269232289865613,
    "rho_min": 0.9973047971725464,
    "rho_std": 0.01755551631852476,
    "row_role": "plane_flux_control_candidate_48",
    "sampled_x_profile_flux": "0:0.328968893072;4:0.362171377669;7:0.686499359559",
    "selected96_claim_allowed": false,
    "step": 20,
    "target_outlet_flux": 0.3289688930724348,
    "validation_claim_allowed": false
  },
  "finite_pass": true,
  "first_failure_detector": {
    "all_records_finite": true,
    "first_failure_reason": null,
    "first_failure_step": null,
    "first_high_density_step": null,
    "first_mass_drift_step": null,
    "first_max_v_step": null,
    "first_negative_density_step": null,
    "first_nonfinite_step": null,
    "record_count": 21
  },
  "first_failure_reason": null,
  "first_failure_step": null,
  "flow_correction_delta_abs_sum": 0.011141803115606308,
  "flow_development_gate_pass": false,
  "flow_outlet_flux_error_filtered": 0.048543743789196014,
  "flux_balance_reported": true,
  "flux_imbalance_rel_final": 0.5208023307064283,
  "flux_imbalance_rel_tail_max": 0.5208023307064283,
  "flux_imbalance_rel_tail_mean": 0.5208023307064283,
  "geometry_mode": "duct_only",
  "hard_stop_failure_reason": null,
  "hard_stop_failure_step": null,
  "hard_stop_mass_drift_abs_max": 0.05,
  "hard_stop_mass_drift_gate_pass": true,
  "hard_stop_mass_drift_observed_abs": 0.035357676446437836,
  "inlet_flux_tail_mean": 0.3289688930724348,
  "inlet_u_lbm": 0.02,
  "lbm_niu": 0.1,
  "lbm_open_boundary_semantics": "regularized_plane_flux_controlled_pressure_outlet",
  "lbm_relaxation_semantics": "legacy_external_solver_relaxation_parameter",
  "lbm_viscosity_semantics": "legacy_external",
  "limiter_activation_count": 0,
  "limiter_activation_denominator": 0,
  "limiter_activation_fraction": 0.0,
  "limiter_activation_gate_pass": true,
  "limiter_activation_summary": {
    "flow_correction_delta_abs_sum": 0.011141803115606308,
    "flow_correction_delta_abs_sum_step": 0.0006067968206480145,
    "flow_correction_gain_effective": 0.0024999999441206455,
    "flow_outlet_flux_error_filtered": 0.048543743789196014,
    "limiter_activation_count": 0,
    "limiter_activation_denominator": 0,
    "limiter_activation_fraction": 0.0,
    "limiter_activation_fraction_limit": 0.05,
    "limiter_counter_source": "actual_open_boundary_kernel_counters",
    "mass_balance_correction_abs_sum": 0.011141803115606308,
    "mass_balance_correction_abs_sum_step": 0.0006067968206480145,
    "mass_balance_correction_count": 1600,
    "mass_balance_correction_count_step": 80,
    "noneq_clip_count": 0,
    "noneq_limiter_used": false,
    "open_boundary_limiter_enabled": false,
    "population_floor_count": 0,
    "population_floor_used": false,
    "reconstructed_population_count": 0,
    "rho_clip_count": 0,
    "rho_clip_used": false,
    "step": 120,
    "unknown_population_delta_abs_sum": 0.0010871384292840958,
    "unknown_population_delta_abs_sum_step": 5.6372955441474915e-05,
    "validation_blocked_by_limiter_activation": false,
    "validation_claim_allowed": false,
    "velocity_clip_count": 0,
    "velocity_clip_used": false
  },
  "limiter_counter_source": "actual_open_boundary_kernel_counters",
  "mach_gate_pass": true,
  "mach_proxy_observed_max": 0.09419800616883552,
  "mass_balance_correction_abs_sum": 0.011141803115606308,
  "mass_balance_correction_count": 1600,
  "mass_drift_gate_pass": true,
  "mass_source_sink_by_step": {
    "mass_drift_abs_max": 0.03535783290863037,
    "mass_drift_delta_final": 0.026923656463623047,
    "mass_drift_final": 0.026923656463623047,
    "mass_drift_initial": 0.0,
    "record_count": 21
  },
  "mass_total_delta_rel_final": 0.0269232289865613,
  "midplane_to_inlet_flux_ratio_tail_mean": 1.1188337575001117,
  "name": "tiny_step131_regularized_plane_flux_controller_20step_smoke",
  "not_used_for_validation": false,
  "open_boundary_convective_blend_weight": 0.02,
  "open_boundary_flux_correction_cap_u": 0.002,
  "open_boundary_flux_feedback_gain_rho": 0.0,
  "open_boundary_flux_feedback_gain_u": 0.0025,
  "open_boundary_flux_filter_alpha": 0.02,
  "open_boundary_limiter_enabled": false,
  "open_boundary_noneq_cap": 0.05,
  "open_boundary_population_floor": null,
  "open_boundary_rho_max": 1.2,
  "open_boundary_rho_min": 0.8,
  "open_boundary_u_max": 0.1,
  "outlet_flux_tail_cv": 0.0,
  "outlet_flux_tail_mean": 0.686499359559485,
  "outlet_rho": 1.0,
  "outlet_to_inlet_flux_ratio_tail_mean": 2.086821502020638,
  "population_gate_pass": true,
  "population_stats_final": {
    "F_max": 0.3483569622039795,
    "F_min": 0.02324616350233555,
    "f_max": 0.3483569622039795,
    "f_min": 0.02324616350233555,
    "negative_population_count": 0,
    "negative_population_fraction": 0.0
  },
  "requested_n_steps": 20,
  "requested_nx": 8,
  "requested_window_completed": true,