{
  "artifact": "flow_development_diagnostics",
  "bounded_size_artifact": true,
  "final": {
    "controller_filtered_flux_error": 0.048543743789196014,
    "controller_measured_outlet_flux": 0.6757586002349854,
    "controller_raw_flux_error": -0.3469279110431671,
    "controller_saturation_count_run": 0,
    "controller_saturation_count_step": 0,
    "controller_saturation_fraction_run": 0.0,
    "controller_target_outlet_flux": 0.32883068919181824,
    "controller_u_feedback": 7.584959803352831e-06,
    "controller_u_feedback_abs": 7.584959803352831e-06,
    "correction_delta_abs_sum": 0.0006067968206480145,
    "correction_delta_abs_sum_run": 0.011141803115606308,
    "correction_gain_effective": 0.0024999999441206455,
    "lbm_open_boundary_semantics": "regularized_plane_flux_controlled_pressure_outlet",
    "mass_total_delta_rel": 0.0269232289865613,
    "midplane_flux": 0.3621713776690143,
    "outlet_flux_after_correction": 0.686499359559485,
    "outlet_flux_error": -0.3575304664870502,
    "outlet_flux_error_filtered": 0.048543743789196014,
    "outlet_flux_raw_before_correction": 0.686499359559485,
    "outlet_plane_negative_ux_fraction": 0.0,
    "outlet_plane_ux_max": 0.05438511073589325,
    "outlet_plane_ux_mean": 0.042958550387993455,
    "outlet_plane_ux_min": 0.03268735483288765,
    "row_role": "plane_flux_control_candidate_48",
    "sampled_x_profile_flux": "0:0.328968893072;4:0.362171377669;7:0.686499359559",
    "selected96_claim_allowed": false,
    "step": 20,
    "target_outlet_flux": 0.3289688930724348,
    "validation_claim_allowed": false
  },
  "row_count": 5,
  "selected96_claim_allowed": false,
  "step": 131,
  "validation_claim_allowed": false
}
