{
  "anomaly_cell": [
    3,
    43,
    4
  ],
  "f_shape": [
    48,
    48,
    48,
    19
  ],
  "field_stats": {
    "F_min": 0.024925975129008293,
    "f_min": 0.024925975129008293,
    "max_v": 0.026425359770655632,
    "rho_max": 1.0129808187484741,
    "rho_min": 0.9857081174850464
  },
  "local_window": {
    "bounds": [
      [
        2,
        5
      ],
      [
        42,
        45
      ],
      [
        3,
        6
      ]
    ],
    "max_v": 0.0264253,
    "rho_max": 0.9872034,
    "rho_min": 0.9863412
  },
  "raw_arrays_committed_to_git": false,
  "reason": "final",
  "rho_shape": [
    48,
    48,
    48
  ],
  "runtime_npz_path": "D:\\working\\squid robot\\LBM\\MPM-LBM\\outputs\\tmp\\step120_failure_snapshots\\duct_only_48_regularized_plane_flux_controlled_gain0p50_cap0p005_rho0p001_alpha0p02_du0p0005_slew0p50_offset2_guard_on_min0p70_ramp85_target0p85_out5_250step_ramp_refined\\snapshot_step_000250_final.npz",
  "snapshot_payload_omitted_from_git": true,
  "step": 250
}
