{
  "centerline_profile_x": {
    "axis": "x",
    "source": [
      "centerline",
      "centerline",
      "centerline",
      "centerline",
      "centerline",
      "centerline",
      "centerline",
      "centerline",
      "centerline",
      "centerline",
      "centerline",
      "centerline",
      "centerline",
      "centerline",
      "centerline",
      "centerline",
      "centerline",
      "centerline",
      "centerline",
      "centerline",
      "centerline",
      "centerline",
      "centerline",
      "centerline",
      "centerline",
      "centerline",
      "centerline",
      "centerline",
      "centerline",
      "centerline",
      "centerline",
      "centerline",
      "centerline",
      "centerline",
      "centerline",
      "centerline",
      "centerline",
      "centerline",
      "centerline",
      "centerline",
      "centerline",
      "centerline",
      "centerline",
      "centerline",
      "centerline",
      "centerline",
      "centerline",
      "centerline"
    ],
    "ux": [
      0.020005490630865097,
      0.019920846447348595,
      0.019957974553108215,
      0.020209720358252525,
      0.020752601325511932,
      0.021654384210705757,
      0.022966153919696808,
      0.024709463119506836,
      0.026869172230362892,
      0.02939349040389061,
      0.032201752066612244,
      0.03519497439265251,
      0.03826514258980751,
      0.041301317512989044,
      0.04418914020061493,
      0.04680758714675903,
      0.04902011901140213,
      0.05067119002342224,
      0.0515822172164917,
      0.05156952515244484,
      0.050470151007175446,
      0.04820842295885086,
      0.044845204800367355,
      0.04062972590327263,
      0.035937462002038956,
      0.031210800632834435,
      0.0268175657838583,
      0.023063018918037415,
      0.020115725696086884,
      0.01812286302447319,
      0.017117386683821678,
      0.01716105453670025,
      0.018185419961810112,
      0.02015545405447483,
      0.022873753681778908,
      0.026193711906671524,
      0.029832853004336357,
      0.03361593186855316,
      0.03728097677230835,
      0.040689866989851,
      0.04362473264336586,
      0.04597272723913193,
      0.04756011441349983,
      0.04832952097058296,
      0.04821423068642616,
      0.0472828708589077,
      0.04562138020992279,
      0.04341503605246544
    ],
    "y_index": 24,
    "z_index": 24
  },
  "final_flux_imbalance_rel": 0.5052921214989636,
  "final_outlet_reflection_proxy": {
    "fluid_cell_count": 2116,
    "negative_ux_fraction": 0.0,
    "proxy_name": "outlet_near_plane_ux_density_variation",
    "rho_peak_to_peak": 0.018564045429229736,
    "rho_std": 0.004372169678644139,
    "ux_std": 0.008260345676465587,
    "x_index": 46
  },
  "geometry_mode": "duct_only",
  "name": "duct_only_48_convective_mass_balanced_pressure_outlet_500step_real"
}
