{
  "rows": [
    {
      "active_cell_count_max": 110592,
      "active_cell_count_min": 110592,
      "bb_link_count_max": 498714,
      "bb_link_count_min": 498338,
      "candidate_id": "real_candidate_smoke_mesh",
      "diagnostic_row_count": 21,
      "geometry_type": "mesh",
      "hydro_force_max_norm_max": 0.4173511266708374,
      "lbm_max_v_observed": 0.005689762067049742,
      "mpm_max_speed_observed": 0.026136981323361397,
      "mpm_min_J_observed": 0.9999962449073792,
      "projected_mass_max": 0.605826735496521,
      "projected_mass_min": 0.6058241128921509,
      "reaction_transfer_mode": "engineering",
      "rho_max_observed": 1.0043507814407349,
      "rho_min_observed": 0.9954622983932495,
      "stable_envelope_pass": true,
      "step_max": 20,
      "step_min": 0
    },
    {
      "active_cell_count_max": 110592,
      "active_cell_count_min": 110592,
      "bb_link_count_max": 498714,
      "bb_link_count_min": 498338,
      "candidate_id": "real_candidate_smoke_mesh",
      "diagnostic_row_count": 21,
      "geometry_type": "mesh",
      "hydro_force_max_norm_max": 0.4173510670661926,
      "lbm_max_v_observed": 0.005689778830856085,
      "mpm_max_speed_observed": 0.026136916130781174,
      "mpm_min_J_observed": 0.9999967217445374,
      "projected_mass_max": 0.6058268547058105,
      "projected_mass_min": 0.60582435131073,
      "reaction_transfer_mode": "link_area_experimental",
      "rho_max_observed": 1.0043507814407349,
      "rho_min_observed": 0.9954623579978943,
      "stable_envelope_pass": true,
      "step_max": 20,
      "step_min": 0
    },
    {
      "active_cell_count_max": 31116,
      "active_cell_count_min": 31116,
      "bb_link_count_max": 102144,
      "bb_link_count_min": 101868,
      "candidate_id": "real_candidate_smoke_voxel",
      "diagnostic_row_count": 21,
      "geometry_type": "voxel",
      "hydro_force_max_norm_max": 0.41914668679237366,
      "lbm_max_v_observed": 0.0062076859176158905,
      "mpm_max_speed_observed": 0.029221393167972565,
      "mpm_min_J_observed": 0.9996681809425354,
      "projected_mass_max": 0.09944122284650803,
      "projected_mass_min": 0.09944095462560654,
      "reaction_transfer_mode": "engineering",
      "rho_max_observed": 1.008886456489563,
      "rho_min_observed": 0.9912939667701721,
      "stable_envelope_pass": true,
      "step_max": 20,
      "step_min": 0
    },
    {
      "active_cell_count_max": 31116,
      "active_cell_count_min": 31116,
      "bb_link_count_max": 102144,
      "bb_link_count_min": 101868,
      "candidate_id": "real_candidate_smoke_voxel",
      "diagnostic_row_count": 21,
      "geometry_type": "voxel",
      "hydro_force_max_norm_max": 0.4191468060016632,
      "lbm_max_v_observed": 0.006207805592566729,
      "mpm_max_speed_observed": 0.029222209006547928,
      "mpm_min_J_observed": 0.9996678233146667,
      "projected_mass_max": 0.09944118559360504,
      "projected_mass_min": 0.09944095462560654,
      "reaction_transfer_mode": "link_area_experimental",
      "rho_max_observed": 1.0088865756988525,
      "rho_min_observed": 0.9912940263748169,
      "stable_envelope_pass": true,
      "step_max": 20,
      "step_min": 0
    }
  ],
  "summary": {
    "pass_count": 4,
    "row_count": 4
  }
}
