{
  "active_reaction_particle_count_max": 16570,
  "active_reaction_particle_count_min": 16570,
  "bb_link_count_max": 11186,
  "bb_link_count_min": 11186,
  "case": "feasibility_64_moving_boundary",
  "cell_force_max_norm": 0.0,
  "completed_lbm_steps": 5,
  "elapsed_seconds": 137.65931580000324,
  "estimated_memory_mb": 64.375,
  "geometry_type": "box",
  "hydro_force_max_norm": 0.4023546278476715,
  "lbm_max_v_global": 0.0053519317880272865,
  "mode": "moving_boundary",
  "mpm_max_speed_global": 0.041633959859609604,
  "mpm_min_J_global": 0.9955478310585022,
  "mpm_substeps_per_lbm_step": 5,
  "n_grid": 64,
  "n_lbm_steps": 5,
  "n_particles": 32768,
  "notes": "64^3 moving_boundary feasibility baseline; not full validation",
  "projection_zone_ux_final": 0.00016246188897639513,
  "projection_zone_ux_initial": 0.0,
  "rho_max_global": 1.0027772188186646,
  "rho_min_global": 0.9922732710838318,
  "rho_span_global": 0.010503947734832764,
  "solid_vx_drift": 0.001726638525724411,
  "solid_vx_final": 0.0212565790861845,
  "solid_vx_initial": 0.01952994056046009,
  "stable": true,
  "total_mpm_substeps": 25,
  "well_behaved": true
}
