{
  "centerline_profile_x": {
    "axis": "x",
    "source": [
      "centerline",
      "centerline",
      "centerline",
      "centerline",
      "centerline",
      "centerline",
      "centerline",
      "centerline",
      "centerline",
      "centerline",
      "centerline",
      "centerline",
      "centerline",
      "centerline",
      "centerline",
      "centerline",
      "centerline",
      "centerline",
      "centerline",
      "centerline",
      "centerline",
      "centerline",
      "centerline",
      "centerline",
      "centerline",
      "centerline",
      "centerline",
      "centerline",
      "centerline",
      "centerline",
      "centerline",
      "centerline",
      "centerline",
      "centerline",
      "centerline",
      "centerline",
      "centerline",
      "centerline",
      "centerline",
      "centerline",
      "centerline",
      "centerline",
      "centerline",
      "centerline",
      "centerline",
      "centerline",
      "centerline",
      "centerline"
    ],
    "ux": [
      0.0199972502887249,
      0.01936124451458454,
      0.018806880339980125,
      0.018344713374972343,
      0.017967814579606056,
      0.017676392570137978,
      0.017481375485658646,
      0.017388101667165756,
      0.017377613112330437,
      0.01740986853837967,
      0.017445895820856094,
      0.0174698643386364,
      0.01748621091246605,
      0.017506727948784828,
      0.017533838748931885,
      0.017566367983818054,
      0.017600173130631447,
      0.017635125666856766,
      0.017669914290308952,
      0.017706092447042465,
      0.01774510368704796,
      0.017791016027331352,
      0.017846297472715378,
      0.017911409959197044,
      0.017983263358473778,
      0.01805855706334114,
      0.018136318773031235,
      0.01822090893983841,
      0.018318843096494675,
      0.0184358898550272,
      0.018572809174656868,
      0.018726298585534096,
      0.01889200508594513,
      0.01906856708228588,
      0.019258147105574608,
      0.01946413144469261,
      0.019688090309500694,
      0.0199278537184,
      0.020179197192192078,
      0.020438259467482567,
      0.020703313872218132,
      0.020974423736333847,
      0.02125062793493271,
      0.021527573466300964,
      0.021795637905597687,
      0.022041738033294678,
      0.022252464666962624,
      0.022419162094593048
    ],
    "y_index": 24,
    "z_index": 24
  },
  "final_flux_imbalance_rel": 0.018271606999188193,
  "final_outlet_reflection_proxy": {
    "fluid_cell_count": 2116,
    "negative_ux_fraction": 0.005671077504725898,
    "proxy_name": "outlet_near_plane_ux_density_variation",
    "rho_peak_to_peak": 0.0002257823944091797,
    "rho_std": 4.360719690864649e-05,
    "ux_std": 0.006585541266025732,
    "x_index": 46
  },
  "geometry_mode": "duct_only",
  "name": "duct_only_48_regularized_plane_flux_controlled_gain0p50_cap0p005_rho0p001_alpha0p02_du0p0005_slew0p50_offset2_guard_on_min0p70_ramp75_target1p00_out5_250step_ramp_tuned"
}
