{
  "artifact": "flow_development_diagnostics",
  "bounded_size_artifact": true,
  "controller_authority_ratio_tail_max": 0.5355231929570436,
  "controller_authority_ratio_tail_mean": 0.43761600585033494,
  "controller_filtered_flux_error_tail_mean": -18.519909222920734,
  "controller_measured_outlet_flux_tail_mean": 44.32187716166178,
  "controller_raw_flux_error_tail_mean": -2.856485366821289,
  "controller_saturation_fraction_tail": 0.0,
  "controller_tail_record_count": 3,
  "controller_target_outlet_flux_tail_mean": 41.46539179484049,
  "controller_u_feedback_tail_abs_max": 0.0026776159647852182,
  "controller_u_feedback_tail_mean": -0.0021880800292516747,
  "controller_u_feedback_tail_std": 0.000464718113572556,
  "final": {
    "controller_authority_ratio": 0.3127123462036252,
    "controller_filtered_flux_error": -13.233986854553223,
    "controller_measured_outlet_flux": 19.157747268676758,
    "controller_raw_flux_error": 22.421632766723633,
    "controller_saturation_count_run": 0,
    "controller_saturation_count_step": 0,
    "controller_saturation_fraction_run": 0.0,
    "controller_target_outlet_flux": 41.57938003540039,
    "controller_u_feedback": -0.001563561731018126,
    "controller_u_feedback_abs": 0.001563561731018126,
    "correction_delta_abs_sum": 16.54495620727539,
    "correction_delta_abs_sum_run": 5570.7109375,
    "correction_gain_effective": 0.25,
    "flow_correction_cap_u": 0.005,
    "lbm_open_boundary_semantics": "regularized_plane_flux_controlled_pressure_outlet",
    "mass_total_delta_rel": -0.014016928659457415,
    "midplane_flux": 29.72299337242719,
    "outlet_flux_after_correction": 14.729808670991384,
    "outlet_flux_error": 26.860217634884044,
    "outlet_flux_error_filtered": -13.233986854553223,
    "outlet_flux_raw_before_correction": 14.729808670991384,
    "outlet_plane_negative_ux_fraction": 0.166351606805293,
    "outlet_plane_ux_max": 0.012110714800655842,
    "outlet_plane_ux_mean": 0.0069276987887929515,
    "outlet_plane_ux_min": -0.009025361388921738,
    "row_role": "plane_flux_control_candidate_48",
    "sampled_x_profile_flux": "0:41.5900263059;24:29.7229933724;47:14.729808671",
    "selected96_claim_allowed": false,
    "step": 250,
    "step132_authority_sweep_candidate": true,
    "target_outlet_flux": 41.590026305875426,
    "validation_claim_allowed": false
  },
  "row_count": 11,
  "selected96_claim_allowed": false,
  "step": 132,
  "validation_claim_allowed": false
}
