{
  "centerline_profile_x": {
    "axis": "x",
    "source": [
      "centerline",
      "centerline",
      "centerline",
      "centerline",
      "centerline",
      "centerline",
      "centerline",
      "centerline",
      "centerline",
      "centerline",
      "centerline",
      "centerline",
      "centerline",
      "centerline",
      "centerline",
      "centerline",
      "centerline",
      "centerline",
      "centerline",
      "centerline",
      "centerline",
      "centerline",
      "centerline",
      "centerline",
      "centerline",
      "centerline",
      "centerline",
      "centerline",
      "centerline",
      "centerline",
      "centerline",
      "centerline",
      "centerline",
      "centerline",
      "centerline",
      "centerline",
      "centerline",
      "centerline",
      "centerline",
      "centerline",
      "centerline",
      "centerline",
      "centerline",
      "centerline",
      "centerline",
      "centerline",
      "centerline",
      "centerline"
    ],
    "ux": [
      0.019999613985419273,
      0.019730355590581894,
      0.019471067935228348,
      0.019240496680140495,
      0.01904921792447567,
      0.018904369324445724,
      0.01880444400012493,
      0.01873878575861454,
      0.018681034445762634,
      0.018615400418639183,
      0.018526652827858925,
      0.018445752561092377,
      0.01838027685880661,
      0.018376581370830536,
      0.01838798262178898,
      0.018422111868858337,
      0.01838964968919754,
      0.018349770456552505,
      0.01826924830675125,
      0.018246570602059364,
      0.018191732466220856,
      0.018124639987945557,
      0.017966963350772858,
      0.017853636294603348,
      0.017818043008446693,
      0.017892729490995407,
      0.017878232523798943,
      0.017638446763157845,
      0.01714017055928707,
      0.016599221155047417,
      0.016220202669501305,
      0.016068242490291595,
      0.015994109213352203,
      0.01583671011030674,
      0.015561282634735107,
      0.015288729220628738,
      0.015139012597501278,
      0.015098602510988712,
      0.014998368918895721,
      0.014636288397014141,
      0.013918792828917503,
      0.012918001972138882,
      0.011810317635536194,
      0.010773696005344391,
      0.0099247507750988,
      0.009318158961832523,
      0.008974943310022354,
      0.00891037192195654
    ],
    "y_index": 24,
    "z_index": 24
  },
  "final_flux_imbalance_rel": 0.6458331484894854,
  "final_outlet_reflection_proxy": {
    "fluid_cell_count": 2116,
    "negative_ux_fraction": 0.166351606805293,
    "proxy_name": "outlet_near_plane_ux_density_variation",
    "rho_peak_to_peak": 0.0019389986991882324,
    "rho_std": 0.0005156928041506092,
    "ux_std": 0.006107240266680322,
    "x_index": 46
  },
  "geometry_mode": "duct_only",
  "name": "duct_only_48_regularized_plane_flux_controlled_gain0p25_cap0p005_250step_triage"
}
