{
  "coupling_time": 0.6650213999996595,
  "diagnostics_time": 5.010734900000898,
  "export_time": 1.3999999737279722e-06,
  "init_time": 41.58743160000017,
  "lbm_step_time": 5.424550599999975,
  "mode": "moving_boundary",
  "mpm_substep_time": 4.407794500000364,
  "projection_time": 0.8244997000001604,
  "total_time": 61.402703700000075,
  "wall_velocity_application_time": 3.469274900000073
}
