{
  "centerline_profile_x": {
    "axis": "x",
    "source": [
      "centerline",
      "centerline",
      "centerline",
      "centerline",
      "centerline",
      "centerline",
      "centerline",
      "centerline",
      "centerline",
      "centerline",
      "centerline",
      "centerline",
      "centerline",
      "centerline",
      "centerline",
      "centerline",
      "centerline",
      "centerline",
      "centerline",
      "centerline",
      "centerline",
      "centerline",
      "centerline",
      "centerline",
      "centerline",
      "centerline",
      "centerline",
      "centerline",
      "centerline",
      "centerline",
      "centerline",
      "centerline",
      "centerline",
      "centerline",
      "centerline",
      "centerline",
      "centerline",
      "centerline",
      "centerline",
      "centerline",
      "centerline",
      "centerline",
      "centerline",
      "centerline",
      "centerline",
      "centerline",
      "centerline",
      "centerline"
    ],
    "ux": [
      0.019958531484007835,
      0.019657069817185402,
      0.01938748173415661,
      0.019146285951137543,
      0.01893267221748829,
      0.018750837072730064,
      0.018599487841129303,
      0.018460433930158615,
      0.018299320712685585,
      0.018085654824972153,
      0.01781310699880123,
      0.017505809664726257,
      0.01719425432384014,
      0.016892140731215477,
      0.016585005447268486,
      0.016254307702183723,
      0.015897080302238464,
      0.015535806305706501,
      0.015202169306576252,
      0.01492604985833168,
      0.014724697917699814,
      0.014601891860365868,
      0.014546315185725689,
      0.014540563337504864,
      0.014569360762834549,
      0.014622235670685768,
      0.01469208300113678,
      0.0147778345271945,
      0.014884290285408497,
      0.0150156794115901,
      0.01516946405172348,
      0.015338469296693802,
      0.015515580773353577,
      0.01569938473403454,
      0.01589619368314743,
      0.016114404425024986,
      0.016360007226467133,
      0.016633031889796257,
      0.016926970332860947,
      0.017233993858098984,
      0.017551105469465256,
      0.01787877082824707,
      0.018215036019682884,
      0.018553461879491806,
      0.018882784992456436,
      0.01918851025402546,
      0.0194550808519125,
      0.019669851288199425
    ],
    "y_index": 24,
    "z_index": 24
  },
  "final_flux_imbalance_rel": 0.13447153778849485,
  "final_outlet_reflection_proxy": {
    "fluid_cell_count": 2116,
    "negative_ux_fraction": 0.005671077504725898,
    "proxy_name": "outlet_near_plane_ux_density_variation",
    "rho_peak_to_peak": 0.0002636909484863281,
    "rho_std": 5.056087565347856e-05,
    "ux_std": 0.005716316507734406,
    "x_index": 46
  },
  "geometry_mode": "duct_only",
  "name": "duct_only_48_regularized_plane_flux_controlled_gain0p75_cap0p0075_rho0p0010_mnrelieflow_mgain0p35_mcap0p001_blend0p50_slew0p25_out5_250step_satstat"
}
