step,total_mpm_substeps,coupling_mode,rho_min,rho_max,lbm_max_v,fluid_mean_ux,projection_zone_fluid_mean_ux,far_field_fluid_mean_ux,solid_mean_vx_norm,mpm_min_J,mpm_max_speed,projected_mass,active_cell_count,cell_force_max_norm,hydro_force_max_norm,bb_link_count,bb_max_correction,active_reaction_particle_count,max_grid_reaction_norm,elapsed_seconds
0,0,moving_boundary,1.0,1.0,0.0,0.0,0.0,0.0,0.15625476837158203,1.0,0.15625,0.0,0,0.0,0.0,0,0.0,0,0.0,6.337031800008845
1,5,moving_boundary,0.9900004267692566,1.0100003480911255,0.011844327673316002,8.730775880394503e-05,0.0008817082270979881,0.0,0.15630890429019928,0.9998499751091003,0.15927892923355103,0.026999996975064278,1584,0.0,0.4089750647544861,2602,0.003333335742354393,3520,4.060764240421122e-06,164.87352510000346
2,10,moving_boundary,0.9850976467132568,1.0161237716674805,0.012838073074817657,5.6245626183226705e-05,0.0004142691905144602,1.3509355085261632e-05,0.15643452107906342,0.9995360970497131,0.16217084228992462,0.02699999324977398,1584,0.0,0.41009268164634705,2506,0.0033928107004612684,3520,4.070657723787008e-06,165.03631679998944
3,15,moving_boundary,0.9853196144104004,1.0183056592941284,0.01356032956391573,0.00013199460227042437,0.0010277940891683102,2.593922908999957e-05,0.15651319921016693,0.9991458058357239,0.16437505185604095,0.02699999138712883,1584,0.0,0.4112476110458374,2458,0.0034448495134711266,3520,4.079632162756752e-06,165.08522790001007
4,20,moving_boundary,0.9798848032951355,1.0174732208251953,0.013384832069277763,0.00011295367585262284,0.0005453985650092363,5.1811646699206904e-05,0.15660403668880463,0.9987433552742004,0.16548877954483032,0.026999982073903084,1584,0.0,0.40933525562286377,2458,0.0034579606726765633,3520,4.087610705028055e-06,165.1350559000275
5,25,moving_boundary,0.976838231086731,1.0187129974365234,0.013707758858799934,0.0001769230148056522,0.0010223549325019121,7.04595513525419e-05,0.1566469967365265,0.9983738660812378,0.1654164344072342,0.027000010013580322,1584,0.0,0.40955665707588196,2458,0.0034682771656662226,3520,4.094676114618778e-06,165.17969379998976
