{
  "coupling_time": 0.5869735000051151,
  "diagnostics_time": 7.130228699999861,
  "export_time": 2.0000006770715117e-06,
  "init_time": 37.41736200000014,
  "lbm_step_time": 4.790931399997135,
  "mode": "moving_boundary",
  "mpm_substep_time": 3.9723011999903974,
  "projection_time": 0.7531863000058365,
  "total_time": 54.65575580000041,
  "wall_velocity_application_time": 0.0
}
