{
  "rows": [
    {
      "active_cell_count_32": 648,
      "active_cell_count_48": 648,
      "active_cell_count_growth_observed": false,
      "active_cell_count_non_decreasing": true,
      "active_cell_count_ratio_48_vs_32": 1.0,
      "all_ratios_finite": true,
      "applied_cell_count_32": 648,
      "applied_cell_count_48": 2136,
      "applied_cell_count_growth_observed": true,
      "applied_cell_count_ratio_48_vs_32": 3.2962962962962963,
      "artifact_size_ratio_48_vs_32": 0.21804744431236756,
      "bb_link_count_32": 3888,
      "bb_link_count_48": 3888,
      "bb_link_count_ratio_48_vs_32": 1.0,
      "bb_max_correction_48": 0.007021783310068709,
      "comparison": "step52_48_engineering_combined_vs_step51_32_engineering_combined",
      "hydro_force_max_norm_32": 0.002050114988871742,
      "hydro_force_max_norm_48": 4.58601088618242e-05,
      "hydro_force_max_norm_ratio_48_vs_32": 0.022369530056000814,
      "impulse_proxy_32": 0.08200459955486968,
      "impulse_proxy_48": 0.001834404354472968,
      "impulse_proxy_ratio_48_vs_32": 0.022369530056000814,
      "lbm_max_v_32": 0.007042082995889119,
      "lbm_max_v_48": 0.007021783310068709,
      "lbm_max_v_ratio_48_vs_32": 0.9971173748119326,
      "rho_max_48": 1.0017121783310068,
      "rho_min_48": 0.9982878216689931,
      "rho_span_32": 0.003463816599177716,
      "rho_span_48": 0.0034243566620136834,
      "rho_span_ratio_48_vs_32": 0.9886079600249621,
      "scaling_pass": true,
      "step51_row": "engineering_runtime_geometry_plus_wall_velocity_32_40step",
      "step52_row": "engineering_runtime_geometry_plus_wall_velocity_48_40step"
    }
  ],
  "summary": {
    "active_cell_count_growth_observed": false,
    "active_cell_count_non_decreasing": true,
    "active_cell_count_ratio_48_vs_32": 1.0,
    "all_ratios_finite": true,
    "applied_cell_count_growth_observed": true,
    "applied_cell_count_ratio_48_vs_32": 3.2962962962962963,
    "artifact_size_ratio_48_vs_32": 0.21804744431236756,
    "bb_link_count_ratio_48_vs_32": 1.0,
    "comparison_count": 1,
    "diagnostic_scaling_only": true,
    "grid_convergence_claim": false,
    "hydro_force_max_norm_ratio_48_vs_32": 0.022369530056000814,
    "impulse_proxy_ratio_48_vs_32": 0.022369530056000814,
    "lbm_max_v_ratio_48_vs_32": 0.9971173748119326,
    "physical_validation_claim": false,
    "rho_span_ratio_48_vs_32": 0.9886079600249621,
    "scaling_pass": true
  }
}
