step,total_mpm_substeps,coupling_mode,rho_min,rho_max,lbm_max_v,fluid_mean_ux,projection_zone_fluid_mean_ux,far_field_fluid_mean_ux,solid_mean_vx_norm,mpm_min_J,mpm_max_speed,projected_mass,active_cell_count,cell_force_max_norm,hydro_force_max_norm,bb_link_count,bb_max_correction,active_reaction_particle_count,max_grid_reaction_norm,elapsed_seconds
0,0,moving_boundary,1.0,1.0,0.0,0.0,0.0,0.0,0.01952994056046009,1.0,0.01953125,0.0,0,0.0,0.0,0,0.0,0,0.0,5.6027675999794155
5,25,moving_boundary,0.9922733306884766,1.0027772188186646,0.005351944360882044,2.901369043684099e-05,0.00016246200539171696,9.572412636771332e-06,0.0212565828114748,0.9955477118492126,0.04163375869393349,0.02699998766183853,10164,0.0,0.4023546278476715,11186,0.001769869471900165,16570,2.0407289866852807e-06,148.3568277999875
