step,total_mpm_substeps,coupling_mode,rho_min,rho_max,lbm_max_v,fluid_mean_ux,projection_zone_fluid_mean_ux,far_field_fluid_mean_ux,solid_mean_vx_norm,mpm_min_J,mpm_max_speed,projected_mass,active_cell_count,cell_force_max_norm,hydro_force_max_norm,bb_link_count,bb_max_correction,active_reaction_particle_count,max_grid_reaction_norm,elapsed_seconds
0,0,moving_boundary,1.0,1.0,0.0,0.0,0.0,0.0,0.026041535660624504,1.0,0.02604166604578495,0.0,0,0.0,0.0,0,0.0,0,0.0,6.95700500003295
10,100,moving_boundary,0.991046130657196,1.0120292901992798,0.007718052715063095,8.295136649394408e-05,0.0001469069393351674,6.215408211573958e-05,0.02590610459446907,0.9939622282981873,0.053442224860191345,0.022940367460250854,4869,0.0,0.4201757311820984,6654,0.0031475599389523268,3275,1.0519055649638176e-05,174.44478660001187
20,200,moving_boundary,0.9921448826789856,1.0105150938034058,0.006503062788397074,0.00012323590635787696,0.0002073735377052799,0.00010081024811370298,0.02622956410050392,0.9948464632034302,0.06264450401067734,0.02294035814702511,4910,0.0,0.4203343093395233,6606,0.002509883139282465,3299,1.0526795449550264e-05,174.77322360000107
