step,total_mpm_substeps,coupling_mode,rho_min,rho_max,lbm_max_v,fluid_mean_ux,projection_zone_fluid_mean_ux,far_field_fluid_mean_ux,solid_mean_vx_norm,mpm_min_J,mpm_max_speed,projected_mass,active_cell_count,cell_force_max_norm,hydro_force_max_norm,bb_link_count,bb_max_correction,active_reaction_particle_count,max_grid_reaction_norm,elapsed_seconds
0,0,moving_boundary,1.0,1.0,0.0,0.0,0.0,0.0,0.023436669260263443,1.0,0.0234375,0.0,0,0.0,0.0,0,0.0,0,0.0,4.0557743000099435
5,25,moving_boundary,0.9961007833480835,1.0035263299942017,0.005611053202301264,0.0008497430826537311,0.0003280083183199167,0.0004661177808884531,0.023436112329363823,0.9999985694885254,0.024113213643431664,0.6058249473571777,110592,0.0,0.41686615347862244,498690,0.0010246329475194216,4096,4.21738923250814e-06,128.87737830000697
