{
  "artifact": "flow_development_diagnostics",
  "bounded_size_artifact": true,
  "controller_authority_ratio_tail_max": 0.5431970115751028,
  "controller_authority_ratio_tail_mean": 0.4479239461943507,
  "controller_feedback_sign_change_count_tail": 0,
  "controller_filtered_flux_error_tail_mean": -18.657752990722656,
  "controller_measured_outlet_flux_tail_mean": 44.2349541982015,
  "controller_raw_flux_error_tail_mean": -2.781529108683268,
  "controller_saturation_fraction_tail": 0.0,
  "controller_tail_record_count": 3,
  "controller_target_outlet_flux_tail_mean": 41.45342508951823,
  "controller_u_feedback_tail_abs_max": 0.002715985057875514,
  "controller_u_feedback_tail_mean": -0.0022396197309717536,
  "controller_u_feedback_tail_std": 0.00044359401512289746,
  "density_feedback_tail_abs_max": 1.0813455446623266e-05,
  "density_feedback_tail_mean": -8.81746412536207e-06,
  "final": {
    "controller_authority_ratio": 0.3295850707218051,
    "controller_delta_cap_u": 0.0005,
    "controller_density_feedback": -6.2778417486697435e-06,
    "controller_density_feedback_abs": 6.2778417486697435e-06,
    "controller_filtered_flux_error": -13.283912658691406,
    "controller_measured_outlet_flux": 18.804372787475586,
    "controller_raw_flux_error": 22.770051956176758,
    "controller_saturation_count_run": 0,
    "controller_saturation_count_step": 0,
    "controller_saturation_fraction_run": 0.0,
    "controller_slew_alpha": 0.5,
    "controller_target_outlet_flux": 41.574424743652344,
    "controller_u_feedback": -0.0016479253536090255,
    "controller_u_feedback_abs": 0.0016479253536090255,
    "correction_delta_abs_sum": 17.50279426574707,
    "correction_delta_abs_sum_run": 5633.30517578125,
    "correction_gain_effective": 0.25,
    "flow_correction_cap_u": 0.005,
    "lbm_open_boundary_semantics": "regularized_plane_flux_controlled_pressure_outlet",
    "mass_total_delta_rel": -0.014192482589191811,
    "midplane_flux": 29.492058532209334,
    "outlet_flux_after_correction": 14.316100609083913,
    "outlet_flux_error": 27.268152333972687,
    "outlet_flux_error_filtered": -13.283912658691406,
    "outlet_flux_raw_before_correction": 14.316100609083913,
    "outlet_plane_negative_ux_fraction": 0.166351606805293,
    "outlet_plane_rho_mean": 1.0050106346043837,
    "outlet_plane_rho_std": 6.899010898383579e-05,
    "outlet_plane_ux_max": 0.011929074302315712,
    "outlet_plane_ux_mean": 0.006731782417216458,
    "outlet_plane_ux_min": -0.009173564612865448,
    "row_role": "plane_flux_control_candidate_48",
    "sampled_x_profile_flux": "0:41.5842529431;24:29.4920585322;47:14.3161006091",
    "selected96_claim_allowed": false,
    "step": 250,
    "step132_authority_sweep_candidate": false,
    "step133_mass_damped_candidate": true,
    "target_outlet_flux": 41.5842529430566,
    "validation_claim_allowed": false
  },
  "mass_drift_tail_mean": -0.01232517504862341,
  "mass_drift_tail_slope": -0.004641304726265817,
  "outlet_flux_tail_slope": -44.19028249199118,
  "rho_outlet_tail_mean": 1.0069332708896297,
  "rho_outlet_tail_std": 0.0014315805084057728,
  "row_count": 11,
  "selected96_claim_allowed": false,
  "step": 133,
  "validation_claim_allowed": false
}
