{
  "centerline_profile_x": {
    "axis": "x",
    "source": [
      "centerline",
      "centerline",
      "centerline",
      "centerline",
      "centerline",
      "centerline",
      "centerline",
      "centerline",
      "centerline",
      "centerline",
      "centerline",
      "centerline",
      "centerline",
      "centerline",
      "centerline",
      "centerline",
      "centerline",
      "centerline",
      "centerline",
      "centerline",
      "centerline",
      "centerline",
      "centerline",
      "centerline",
      "centerline",
      "centerline",
      "centerline",
      "centerline",
      "centerline",
      "centerline",
      "centerline",
      "centerline",
      "centerline",
      "centerline",
      "centerline",
      "centerline",
      "centerline",
      "centerline",
      "centerline",
      "centerline",
      "centerline",
      "centerline",
      "centerline",
      "centerline",
      "centerline",
      "centerline",
      "centerline",
      "centerline"
    ],
    "ux": [
      0.020000774413347244,
      0.019754674285650253,
      0.01951647736132145,
      0.019303008913993835,
      0.019122954457998276,
      0.018982142210006714,
      0.018879257142543793,
      0.01880529150366783,
      0.0187365859746933,
      0.01866002567112446,
      0.01856149733066559,
      0.01847110688686371,
      0.01839453913271427,
      0.018376562744379044,
      0.018370745703577995,
      0.018387066200375557,
      0.018339289352297783,
      0.018288251012563705,
      0.018200330436229706,
      0.018171317875385284,
      0.018108800053596497,
      0.018032237887382507,
      0.017865493893623352,
      0.017745062708854675,
      0.017703384160995483,
      0.017770133912563324,
      0.017743665724992752,
      0.017490025609731674,
      0.016980629414319992,
      0.01643407717347145,
      0.016052432358264923,
      0.015896910801529884,
      0.01581761986017227,
      0.015656718984246254,
      0.015382070094347,
      0.015111366286873817,
      0.014957167208194733,
      0.014899585396051407,
      0.014770787209272385,
      0.014378650113940239,
      0.013642514124512672,
      0.012641861103475094,
      0.011550775729119778,
      0.010538255795836449,
      0.00971087347716093,
      0.009116350673139095,
      0.008772536180913448,
      0.008694078773260117
    ],
    "y_index": 24,
    "z_index": 24
  },
  "final_flux_imbalance_rel": 0.6557326488782265,
  "final_outlet_reflection_proxy": {
    "fluid_cell_count": 2116,
    "negative_ux_fraction": 0.16824196597353497,
    "proxy_name": "outlet_near_plane_ux_density_variation",
    "rho_peak_to_peak": 0.001908719539642334,
    "rho_std": 0.0005078005896201938,
    "ux_std": 0.006099770623476607,
    "x_index": 46
  },
  "geometry_mode": "duct_only",
  "name": "duct_only_48_regularized_plane_flux_controlled_gain0p25_cap0p005_rho0p001_alpha0p02_du0p0005_slew0p50_250step_triage"
}
