{
  "artifact": "flow_development_diagnostics",
  "bounded_size_artifact": true,
  "controller_authority_ratio_tail_max": 0.4475485533475876,
  "controller_authority_ratio_tail_mean": 0.42380990150074166,
  "controller_feedback_sign_change_count_tail": 0,
  "controller_filtered_flux_error_tail_mean": -17.857948303222656,
  "controller_measured_outlet_flux_tail_mean": 49.729443868001304,
  "controller_raw_flux_error_tail_mean": -8.5688845316569,
  "controller_saturation_fraction_tail": 0.0,
  "controller_tail_record_count": 3,
  "controller_target_outlet_flux_tail_mean": 41.1605593363444,
  "controller_u_feedback_tail_abs_max": 0.002237742766737938,
  "controller_u_feedback_tail_mean": -0.0021190495075037083,
  "controller_u_feedback_tail_std": 8.997624375404174e-05,
  "density_feedback_tail_abs_max": 8.959964361565653e-06,
  "density_feedback_tail_mean": -8.439484190603253e-06,
  "final": {
    "controller_authority_ratio": 0.40399697609245777,
    "controller_delta_cap_u": 0.00025,
    "controller_density_feedback": -7.921594260551501e-06,
    "controller_density_feedback_abs": 7.921594260551501e-06,
    "controller_filtered_flux_error": -16.76209259033203,
    "controller_measured_outlet_flux": 20.73065185546875,
    "controller_raw_flux_error": 20.537193298339844,
    "controller_saturation_count_run": 0,
    "controller_saturation_count_step": 0,
    "controller_saturation_fraction_run": 0.0,
    "controller_slew_alpha": 0.5,
    "controller_target_outlet_flux": 41.267845153808594,
    "controller_u_feedback": -0.002019984880462289,
    "controller_u_feedback_abs": 0.002019984880462289,
    "correction_delta_abs_sum": 21.452857971191406,
    "correction_delta_abs_sum_run": 3975.08544921875,
    "correction_gain_effective": 0.25,
    "flow_correction_cap_u": 0.005,
    "lbm_open_boundary_semantics": "regularized_plane_flux_controlled_pressure_outlet",
    "mass_total_delta_rel": -0.01987675161739998,
    "midplane_flux": 29.913599336536528,
    "outlet_flux_after_correction": 15.97425440182312,
    "outlet_flux_error": 25.303606986924695,
    "outlet_flux_error_filtered": -16.76209259033203,
    "outlet_flux_raw_before_correction": 15.97425440182312,
    "outlet_plane_negative_ux_fraction": 0.166351606805293,
    "outlet_plane_rho_mean": 1.0059016266932785,
    "outlet_plane_rho_std": 7.791462638588604e-05,
    "outlet_plane_ux_max": 0.012973280623555183,
    "outlet_plane_ux_mean": 0.007504820794648128,
    "outlet_plane_ux_min": -0.010373157449066639,
    "row_role": "plane_flux_control_candidate_48",
    "sampled_x_profile_flux": "0:41.2778613887;24:29.9135993365;47:15.9742544018",
    "selected96_claim_allowed": false,
    "step": 250,
    "step132_authority_sweep_candidate": false,
    "step133_mass_damped_candidate": true,
    "target_outlet_flux": 41.277861388747816,
    "validation_claim_allowed": false
  },
  "mass_drift_tail_mean": -0.016572669438346423,
  "mass_drift_tail_slope": -0.007739216376215727,
  "outlet_flux_tail_slope": -50.484698289134684,
  "rho_outlet_tail_mean": 1.0063964196474355,
  "rho_outlet_tail_std": 0.00040016715674497317,
  "row_count": 11,
  "selected96_claim_allowed": false,
  "step": 133,
  "validation_claim_allowed": false
}
