{
  "centerline_profile_x": {
    "axis": "x",
    "source": [
      "centerline",
      "centerline",
      "centerline",
      "centerline",
      "centerline",
      "centerline",
      "centerline",
      "centerline",
      "centerline",
      "centerline",
      "centerline",
      "centerline",
      "centerline",
      "centerline",
      "centerline",
      "centerline",
      "centerline",
      "centerline",
      "centerline",
      "centerline",
      "centerline",
      "centerline",
      "centerline",
      "centerline",
      "centerline",
      "centerline",
      "centerline",
      "centerline",
      "centerline",
      "centerline",
      "centerline",
      "centerline",
      "centerline",
      "centerline",
      "centerline",
      "centerline",
      "centerline",
      "centerline",
      "centerline",
      "centerline",
      "centerline",
      "centerline",
      "centerline",
      "centerline",
      "centerline",
      "centerline",
      "centerline",
      "centerline"
    ],
    "ux": [
      0.020004283636808395,
      0.01979670114815235,
      0.019605444744229317,
      0.019448162987828255,
      0.01933099515736103,
      0.019254425540566444,
      0.019210608676075935,
      0.019185032695531845,
      0.0191537793725729,
      0.019107647240161896,
      0.019040584564208984,
      0.018983693793416023,
      0.018940959125757217,
      0.018944671377539635,
      0.018943166360259056,
      0.018943294882774353,
      0.018874311819672585,
      0.01880819909274578,
      0.018718870356678963,
      0.018689317628741264,
      0.01861613802611828,
      0.01852121204137802,
      0.01834527589380741,
      0.0182395838201046,
      0.018224293366074562,
      0.018308956176042557,
      0.01827799528837204,
      0.01801687479019165,
      0.01751907542347908,
      0.017017081379890442,
      0.016700156033039093,
      0.01661640964448452,
      0.016604796051979065,
      0.016507012769579887,
      0.01628776825964451,
      0.016065210103988647,
      0.015959324315190315,
      0.015970710664987564,
      0.01595119573175907,
      0.015708189457654953,
      0.015129602514207363,
      0.014247928746044636,
      0.013201834633946419,
      0.012153959833085537,
      0.011230181902647018,
      0.01050824299454689,
      0.010032625868916512,
      0.009834363125264645
    ],
    "y_index": 24,
    "z_index": 24
  },
  "final_flux_imbalance_rel": 0.6130067337699419,
  "final_outlet_reflection_proxy": {
    "fluid_cell_count": 2116,
    "negative_ux_fraction": 0.166351606805293,
    "proxy_name": "outlet_near_plane_ux_density_variation",
    "rho_peak_to_peak": 0.0022446513175964355,
    "rho_std": 0.0005800655607103782,
    "ux_std": 0.0067126173734130875,
    "x_index": 46
  },
  "geometry_mode": "duct_only",
  "name": "duct_only_48_regularized_plane_flux_controlled_gain0p25_cap0p005_rho0p001_alpha0p01_du0p00025_slew0p50_250step_triage"
}
