{
  "active_reaction_particle_count_max": 8928,
  "active_reaction_particle_count_min": 8622,
  "bb_link_count_max": 6120,
  "bb_link_count_min": 5964,
  "case": "long_box_48_moving_boundary",
  "cell_force_max_norm": 0.0,
  "completed_lbm_steps": 50,
  "elapsed_seconds": 45.77210160001414,
  "estimated_memory_mb": 27.158203125,
  "geometry_type": "box",
  "hydro_force_max_norm": 0.4111795127391815,
  "lbm_max_v_global": 0.012052456848323345,
  "mode": "moving_boundary",
  "mpm_max_speed_global": 0.08707759529352188,
  "mpm_min_J_global": 0.9923995733261108,
  "mpm_substeps_per_lbm_step": 10,
  "n_grid": 48,
  "n_lbm_steps": 50,
  "n_particles": 13824,
  "notes": "48^3 box moving_boundary long-run validation; no new FSI physics",
  "projection_zone_ux_final": 0.0004604920104611665,
  "projection_zone_ux_initial": 0.0,
  "rho_max_global": 1.0172829627990723,
  "rho_min_global": 0.9888914823532104,
  "rho_span_global": 0.028391480445861816,
  "solid_vx_drift": 0.01979874074459076,
  "solid_vx_final": 0.04584386572241783,
  "solid_vx_initial": 0.026045124977827072,
  "stable": true,
  "total_mpm_substeps": 500,
  "well_behaved": true
}
