{
  "centerline_profile_x": {
    "axis": "x",
    "source": [
      "centerline",
      "centerline",
      "centerline",
      "centerline",
      "centerline",
      "centerline",
      "centerline",
      "centerline",
      "centerline",
      "centerline",
      "centerline",
      "centerline",
      "centerline",
      "centerline",
      "centerline",
      "centerline",
      "centerline",
      "centerline",
      "centerline",
      "centerline",
      "centerline",
      "centerline",
      "centerline",
      "centerline",
      "centerline",
      "centerline",
      "centerline",
      "centerline",
      "centerline",
      "centerline",
      "centerline",
      "centerline",
      "centerline",
      "centerline",
      "centerline",
      "centerline",
      "centerline",
      "centerline",
      "centerline",
      "centerline",
      "centerline",
      "centerline",
      "centerline",
      "centerline",
      "centerline",
      "centerline",
      "centerline",
      "centerline"
    ],
    "ux": [
      0.019969681277871132,
      0.020223278552293777,
      0.02054467424750328,
      0.020925981923937798,
      0.021346885710954666,
      0.021783003583550453,
      0.022211039438843727,
      0.022608580067753792,
      0.02295510470867157,
      0.023232217878103256,
      0.02343013323843479,
      0.023551685735583305,
      0.023619195446372032,
      0.023666871711611748,
      0.02372879907488823,
      0.02381785213947296,
      0.023920182138681412,
      0.024006303399801254,
      0.02405775710940361,
      0.024083424359560013,
      0.024112418293952942,
      0.02416914887726307,
      0.02425563894212246,
      0.024356359615921974,
      0.024456558749079704,
      0.024552999064326286,
      0.02465055324137211,
      0.024754585698246956,
      0.02486817166209221,
      0.024993469938635826,
      0.02513139508664608,
      0.025281913578510284,
      0.025444231927394867,
      0.025617871433496475,
      0.02580389939248562,
      0.02600359171628952,
      0.026217084378004074,
      0.026441320776939392,
      0.02667061798274517,
      0.02689862996339798,
      0.02712041512131691,
      0.027333002537488937,
      0.027534395456314087,
      0.027721187099814415,
      0.027887247502803802,
      0.028023788705468178,
      0.02812168188393116,
      0.02817516401410103
    ],
    "y_index": 24,
    "z_index": 24
  },
  "final_flux_imbalance_rel": 0.21174256155558124,
  "final_outlet_reflection_proxy": {
    "fluid_cell_count": 2116,
    "negative_ux_fraction": 0.001890359168241966,
    "proxy_name": "outlet_near_plane_ux_density_variation",
    "rho_peak_to_peak": 0.00012612342834472656,
    "rho_std": 2.4288968699429806e-05,
    "ux_std": 0.007357322886153008,
    "x_index": 46
  },
  "geometry_mode": "duct_only",
  "name": "duct_only_48_regularized_plane_flux_controlled_gain0p35_cap0p005_rho0p001_alpha0p02_du0p0005_slew0p50_offset2_guard_on_min0p70_ramp100_target1p00_out5_250step_ramp_tuned"
}
