{
  "active_reaction_particle_count_max": 8928,
  "active_reaction_particle_count_min": 8622,
  "area_proxy_total_final": 4595.0,
  "area_proxy_total_initial": 0.0,
  "area_proxy_total_max": 4710.59765625,
  "area_proxy_total_min": 0.0,
  "area_scale_final": 0.8538822531700134,
  "area_scale_initial": 1.0,
  "area_scale_max": 1.0,
  "area_scale_mean": 0.7463650902112325,
  "area_scale_min": 0.4179039001464844,
  "bb_link_count_max": 6120,
  "bb_link_count_min": 5964,
  "case": "box_48_link_area_long",
  "cell_force_max_norm": 0.0,
  "completed_lbm_steps": 50,
  "elapsed_seconds": 53.241656800033525,
  "estimated_memory_mb": 27.158203125,
  "geometry_type": "box",
  "hydro_force_max_norm": 0.4111819267272949,
  "lbm_max_v_global": 0.01197801809757948,
  "max_grid_reaction_norm": 4.164504844084149e-06,
  "mode": "moving_boundary",
  "mpm_max_speed_global": 0.08680832386016846,
  "mpm_min_J_global": 0.9923650026321411,
  "mpm_substeps_per_lbm_step": 10,
  "n_grid": 48,
  "n_lbm_steps": 50,
  "n_particles": 13824,
  "notes": "Step 19 48^3 box link-area long-run",
  "projection_zone_ux_final": 0.00045859828242100775,
  "projection_zone_ux_initial": 0.0,
  "raw_area_scale_final": 0.8538822531700134,
  "raw_area_scale_initial": 1.0,
  "raw_area_scale_max": 1.0,
  "raw_area_scale_min": 0.4179039001464844,
  "reaction_transfer_mode": "link_area_experimental",
  "rho_max_global": 1.0172944068908691,
  "rho_min_global": 0.9888914227485657,
  "rho_span_global": 0.028402984142303467,
  "solid_vx_drift": 0.019477345049381256,
  "solid_vx_final": 0.04552247002720833,
  "solid_vx_initial": 0.026045124977827072,
  "stable": true,
  "total_mpm_substeps": 500,
  "transfer_mode": "link_area_experimental",
  "well_behaved": true
}
