{
  "centerline_profile_x": {
    "axis": "x",
    "source": [
      "centerline",
      "centerline",
      "centerline",
      "centerline",
      "centerline",
      "centerline",
      "centerline",
      "centerline",
      "centerline",
      "centerline",
      "centerline",
      "centerline",
      "centerline",
      "centerline",
      "centerline",
      "centerline",
      "centerline",
      "centerline",
      "centerline",
      "centerline",
      "centerline",
      "centerline",
      "centerline",
      "centerline",
      "centerline",
      "centerline",
      "centerline",
      "centerline",
      "centerline",
      "centerline",
      "centerline",
      "centerline",
      "centerline",
      "centerline",
      "centerline",
      "centerline",
      "centerline",
      "centerline",
      "centerline",
      "centerline",
      "centerline",
      "centerline",
      "centerline",
      "centerline",
      "centerline",
      "centerline",
      "centerline",
      "centerline"
    ],
    "ux": [
      0.019963420927524567,
      0.019471270963549614,
      0.01902143284678459,
      0.018623262643814087,
      0.018285591155290604,
      0.018017610535025597,
      0.017818309366703033,
      0.017667347565293312,
      0.017529230564832687,
      0.01737530715763569,
      0.017201688140630722,
      0.017032157629728317,
      0.01689303107559681,
      0.016792092472314835,
      0.016711026430130005,
      0.016628071665763855,
      0.016533439978957176,
      0.01643555983901024,
      0.016344750300049782,
      0.016266493126749992,
      0.016200143843889236,
      0.01614614948630333,
      0.01610490307211876,
      0.01607620157301426,
      0.01605750061571598,
      0.01604633405804634,
      0.016043365001678467,
      0.01605336181819439,
      0.016083072870969772,
      0.01613670587539673,
      0.016213994473218918,
      0.016311222687363625,
      0.01642489805817604,
      0.016554761677980423,
      0.016703614965081215,
      0.01687454618513584,
      0.017068052664399147,
      0.017281465232372284,
      0.017510727047920227,
      0.017753206193447113,
      0.01800871640443802,
      0.018278732895851135,
      0.018562959507107735,
      0.01885652355849743,
      0.01914900541305542,
      0.019425716251134872,
      0.019672347232699394,
      0.019879158586263657
    ],
    "y_index": 24,
    "z_index": 24
  },
  "final_flux_imbalance_rel": 0.1286247093681719,
  "final_outlet_reflection_proxy": {
    "fluid_cell_count": 2116,
    "negative_ux_fraction": 0.005671077504725898,
    "proxy_name": "outlet_near_plane_ux_density_variation",
    "rho_peak_to_peak": 0.00022745132446289062,
    "rho_std": 4.252449708309144e-05,
    "ux_std": 0.005700373663208505,
    "x_index": 46
  },
  "geometry_mode": "duct_only",
  "name": "duct_only_48_regularized_plane_flux_controlled_gain0p75_cap0p0075_rho0p0000_alpha0p02_du0p0005_slew0p50_offset2_guard_on_min0p70_ramp85_target0p80_out5_250step_density_iso"
}
