{
  "compared_row_count": 7,
  "max_abs_active_cell_count_delta": 0.0,
  "max_abs_lbm_max_v_delta": 7.543712854385376e-08,
  "max_abs_mpm_min_J_delta": 1.7881393432617188e-07,
  "max_abs_projected_mass_delta": 3.159046173095703e-06,
  "max_abs_rho_max_delta": 9.5367431640625e-07,
  "max_abs_rho_min_delta": 1.1324882507324219e-06,
  "missing_overlap_count": 2,
  "row_count": 9,
  "stable_both_count": 9
}
