{
  "anomaly_cell": [
    5,
    42,
    5
  ],
  "f_shape": [
    48,
    48,
    48,
    19
  ],
  "field_stats": {
    "F_min": 0.024557121098041534,
    "f_min": 0.024557121098041534,
    "max_v": 0.026898423209786415,
    "rho_max": 1.0044175386428833,
    "rho_min": 0.965961217880249
  },
  "local_window": {
    "bounds": [
      [
        4,
        7
      ],
      [
        41,
        44
      ],
      [
        4,
        7
      ]
    ],
    "max_v": 0.0268983,
    "rho_max": 0.9722301,
    "rho_min": 0.9720213
  },
  "raw_arrays_committed_to_git": false,
  "reason": "final",
  "rho_shape": [
    48,
    48,
    48
  ],
  "runtime_npz_path": "D:\\working\\squid robot\\LBM\\MPM-LBM\\outputs\\tmp\\step120_failure_snapshots\\duct_only_48_regularized_plane_flux_controlled_gain0p25_cap0p005_rho0p001_alpha0p005_du0p00025_slew0p25_250step_triage\\snapshot_step_000250_final.npz",
  "snapshot_payload_omitted_from_git": true,
  "step": 250
}
