{
  "candidate_mass_acceptance_abs_max": 0.005,
  "candidate_mass_acceptance_gate_pass": false,
  "candidate_mass_acceptance_observed_abs": 0.03017828706651926,
  "checkpoint_available": false,
  "code_commit_at_run": "5cf3e4b2442d5239605d5506e81033fc376eb032",
  "config_hash": "a7d49da4cb5792283596239b4a81a6b567f443dd3a900bdb0f4278ec535bd151",
  "density_gate_pass": true,
  "executed_nx": 8,
  "final_diagnostics": {
    "all_finite": true,
    "centerline_ux_profile": {
      "axis": "x",
      "source": [
        "centerline",
        "centerline",
        "centerline",
        "centerline",
        "centerline",
        "centerline",
        "centerline",
        "centerline"
      ],
      "ux": [
        0.020915139466524124,
        0.0258205384016037,
        0.027481088414788246,
        0.028279686346650124,
        0.02887118048965931,
        0.029143420979380608,
        0.029558729380369186,
        0.030258186161518097
      ],
      "y_index": 3,
      "z_index": 3
    },
    "controller_authority_ratio": 0.25669820606708527,
    "controller_delta_cap_u": 0.0005,
    "controller_density_feedback": 2.500576101738261e-06,
    "controller_density_feedback_abs": 2.500576101738261e-06,
    "controller_drop_guard_activation_count_run": 0,
    "controller_drop_guard_activation_fraction_run": 0.0,
    "controller_drop_guard_active_step": 0,
    "controller_drop_guard_reference_flux": 0.32609644532203674,
    "controller_filtered_flux_error": 0.04000921547412872,
    "controller_measure_plane_offset": 2,
    "controller_measured_outlet_flux": 0.32609644532203674,
    "controller_raw_flux_error": -0.05480554699897766,
    "controller_saturation_count_run": 0,
    "controller_saturation_count_step": 0,
    "controller_saturation_fraction_run": 0.0,
    "controller_slew_alpha": 0.5,
    "controller_target_outlet_flux": 0.2712908983230591,
    "controller_target_scale": 0.85,
    "controller_true_outlet_flux_for_guard": 0.306984007358551,
    "controller_u_feedback": 0.0012834910303354263,
    "controller_u_feedback_abs": 0.0012834910303354263,
    "correction_delta_abs_sum": 0.10287939012050629,
    "correction_delta_abs_sum_run": 1.024076223373413,
    "correction_gain_effective": 0.5,
    "flow_correction_cap_u": 0.005,
    "fluid_cell_count": 128,
    "flux_balance_reported": true,
    "flux_imbalance_abs": 0.058739775128524574,
    "flux_imbalance_rel": 0.1551740786642066,
    "inlet_flux": 0.31980138093424926,
    "inlet_mean_ux": 0.019170265295542777,
    "lbm_open_boundary_semantics": "regularized_plane_flux_controlled_pressure_outlet",
    "mach_proxy_observed": 0.05240873192428037,
    "mass_total": 131.86282074451447,
    "mass_total_delta_from_initial": 3.8628207445144653,
    "mass_total_delta_rel": 0.03017828706651926,
    "max_v": 0.030258195484370202,
    "midplane_flux": 0.3581065252997625,
    "midplane_mean_ux": 0.021592442994005978,
    "near_outlet_flux_xminus1": 0.373064770366073,
    "near_outlet_flux_xminus2": 0.36646262186351364,
    "near_outlet_flux_xminus3": 0.3581065252997625,
    "near_outlet_to_outlet_flux_ratio": 0.9855329186562936,
    "open_boundary_flux_control_measure_plane_offset": 2,
    "open_boundary_flux_control_target_scale": 0.85,
    "open_boundary_inlet_ramp_factor": 1.0,
    "open_boundary_inlet_ramp_profile": "linear",
    "open_boundary_inlet_ramp_steps": 10,
    "open_boundary_outlet_flux_drop_guard_enabled": true,
    "open_boundary_outlet_flux_drop_guard_min_ratio": 0.7,
    "outlet_flux": 0.37854115606277383,
    "outlet_flux_after_correction": 0.37854115606277383,
    "outlet_flux_error": -0.10670998226866196,
    "outlet_flux_error_filtered": 0.04000921547412872,
    "outlet_flux_raw_before_correction": 0.37854115606277383,
    "outlet_mean_ux": 0.0237078252248466,
    "outlet_plane_negative_ux_fraction": 0.0,
    "outlet_plane_rho_mean": 0.9979168921709061,
    "outlet_plane_rho_std": 9.300220827049712e-05,
    "outlet_plane_ux_max": 0.030258195474743843,
    "outlet_plane_ux_mean": 0.0237078252248466,
    "outlet_plane_ux_min": 0.017674947157502174,
    "outlet_reflection_proxy": {
      "fluid_cell_count": 16,
      "negative_ux_fraction": 0.0,
      "proxy_name": "outlet_near_plane_ux_density_variation",
      "rho_peak_to_peak": 0.0008697509765625,
      "rho_std": 0.00031332776206086484,
      "ux_std": 0.004471519677173977,
      "x_index": 6
    },
    "rho_max": 1.0433096885681152,
    "rho_mean": 1.0301782870665193,
    "rho_min": 0.9977620244026184,
    "rho_std": 0.014797483326234899,
    "row_role": "tiny_smoke",
    "sampled_x_profile_flux": "0:0.319801380934;2:0.324971475648;4:0.3581065253;5:0.366462621864;6:0.373064770366;7:0.378541156063",
    "selected96_claim_allowed": false,
    "step": 20,
    "step132_authority_sweep_candidate": false,
    "step133_mass_damped_candidate": false,
    "step134_outlet_stationarity_candidate": false,
    "step135_interior_reflection_candidate": false,
    "step136_ramped_throughput_calibration_candidate": false,
    "step137_ramp_target_refinement_candidate": false,
    "target_outlet_flux": 0.27183117379411187,
    "validation_claim_allowed": false,
    "x_profile_flux_samples": "{\"0\":0.31980138093424926,\"2\":0.32497147564761986,\"4\":0.3581065252997625,\"5\":0.36646262186351364,\"6\":0.373064770366073,\"7\":0.37854115606277383}",
    "x_profile_rho_mean_samples": "{\"0\":1.0426673144102097,\"2\":1.039821669459343,\"4\":1.0366597399115562,\"5\":1.0287736654281616,\"6\":1.0153826475143433,\"7\":0.9979168921709061}",
    "x_profile_ux_mean_samples": "{\"0\":0.019170265295542777,\"2\":0.01953198981937021,\"4\":0.021592442994005978,\"5\":0.02226504939608276,\"6\":0.022964645642787218,\"7\":0.0237078252248466}"
  },
  "finite_pass": true,
  "first_failure_detector": {
    "all_records_finite": true,
    "first_failure_reason": null,
    "first_failure_step": null,
    "first_high_density_step": null,
    "first_mass_drift_step": null,
    "first_max_v_step": null,
    "first_negative_density_step": null,
    "first_nonfinite_step": null,
    "record_count": 5
  },
  "first_failure_reason": null,
  "first_failure_step": null,
  "flow_correction_delta_abs_sum": 1.024076223373413,
  "flow_development_gate_pass": false,
  "flow_outlet_flux_error_filtered": 0.04000921547412872,
  "flux_balance_reported": true,
  "flux_imbalance_rel_final": 0.1551740786642066,
  "flux_imbalance_rel_tail_max": 0.1551740786642066,
  "flux_imbalance_rel_tail_mean": 0.1551740786642066,
  "geometry_mode": "duct_only",
  "hard_stop_failure_reason": null,
  "hard_stop_failure_step": null,
  "hard_stop_mass_drift_abs_max": 0.05,
  "hard_stop_mass_drift_gate_pass": true,
  "hard_stop_mass_drift_observed_abs": 0.03017828706651926,
  "inlet_flux_tail_mean": 0.31980138093424926,
  "inlet_u_lbm": 0.02,
  "lbm_niu": 0.1,
  "lbm_open_boundary_semantics": "regularized_plane_flux_controlled_pressure_outlet",
  "lbm_relaxation_semantics": "legacy_external_solver_relaxation_parameter",
  "lbm_viscosity_semantics": "legacy_external",
  "limiter_activation_count": 0,
  "limiter_activation_denominator": 0,
  "limiter_activation_fraction": 0.0,
  "limiter_activation_gate_pass": true,
  "limiter_activation_summary": {
    "controller_drop_guard_activation_count_run": 0,
    "controller_drop_guard_activation_fraction_run": 0.0,
    "controller_drop_guard_active_step": 0,
    "controller_drop_guard_min_ratio": 0.7,
    "controller_drop_guard_reference_flux": 0.32609644532203674,
    "controller_measure_plane_offset": 2,
    "controller_target_scale": 0.85,
    "controller_true_outlet_flux_for_guard": 0.306984007358551,
    "flow_correction_delta_abs_sum": 1.024076223373413,
    "flow_correction_delta_abs_sum_step": 0.10287939012050629,
    "flow_correction_gain_effective": 0.5,
    "flow_outlet_flux_error_filtered": 0.04000921547412872,
    "limiter_activation_count": 0,
    "limiter_activation_denominator": 0,
    "limiter_activation_fraction": 0.0,